CustomerID,recence_jours,frequence,montant_total,cluster,profil
12346,326,12,77556.46,3,Clients VIP / fidèles
12347,2,8,4921.53,3,Clients VIP / fidèles
12348,75,5,1658.3999999999999,0,Clients VIP / fidèles
12349,19,3,3678.69,0,Clients VIP / fidèles
12350,310,1,294.4,1,Clients perdus / inactifs
12351,375,1,300.93,1,Clients perdus / inactifs
12352,36,9,1729.54,0,Clients VIP / fidèles
12353,204,2,406.76,2,Clients perdus / inactifs
12354,232,1,1079.4,2,Clients perdus / inactifs
12355,214,2,947.61,2,Clients perdus / inactifs
12356,23,6,5611.73,0,Clients VIP / fidèles
12357,33,2,17437.66,0,Clients VIP / fidèles
12358,2,5,3447.07,0,Clients VIP / fidèles
12359,58,10,8873.39,3,Clients VIP / fidèles
12360,52,6,3612.89,0,Clients VIP / fidèles
12361,287,4,451.25,2,Clients perdus / inactifs
12362,3,10,4737.23,3,Clients VIP / fidèles
12363,110,2,552.0,2,Clients perdus / inactifs
12364,8,4,1208.1,0,Clients VIP / fidèles
12365,291,1,320.69,2,Clients perdus / inactifs
12366,634,1,500.24,1,Clients perdus / inactifs
12367,4,1,150.9,2,Clients perdus / inactifs
12368,628,1,917.6999999999999,1,Clients perdus / inactifs
12369,413,3,1511.15,1,Clients perdus / inactifs
12370,51,7,3956.56,0,Clients VIP / fidèles
12371,60,4,3347.38,0,Clients VIP / fidèles
12372,72,3,1196.04,0,Clients VIP / fidèles
12373,311,3,927.6500000000001,0,Clients VIP / fidèles
12374,25,3,2669.22,0,Clients VIP / fidèles
12375,11,2,377.5,2,Clients perdus / inactifs
12376,390,2,383.15,1,Clients perdus / inactifs
12377,315,4,3266.32,0,Clients VIP / fidèles
12378,130,2,5416.32,0,Clients VIP / fidèles
12379,82,4,1470.22,0,Clients VIP / fidèles
12380,22,8,7210.65,3,Clients VIP / fidèles
12381,5,3,1474.81,0,Clients VIP / fidèles
12383,185,5,1628.56,0,Clients VIP / fidèles
12384,29,2,425.27000000000004,2,Clients perdus / inactifs
12385,379,1,1668.4,1,Clients perdus / inactifs
12386,338,2,401.9,1,Clients perdus / inactifs
12387,415,1,143.94,1,Clients perdus / inactifs
12388,16,8,3901.11,0,Clients VIP / fidèles
12389,403,3,1433.33,1,Clients perdus / inactifs
12390,80,1,504.84000000000003,2,Clients perdus / inactifs
12391,22,6,2724.84,0,Clients VIP / fidèles
12392,591,1,234.75000000000003,1,Clients perdus / inactifs
12393,72,6,2399.4500000000003,0,Clients VIP / fidèles
12394,64,2,1080.48,2,Clients perdus / inactifs
12395,19,15,4241.17,3,Clients VIP / fidèles
12396,674,1,931.43,1,Clients perdus / inactifs
12397,36,2,2214.9,0,Clients VIP / fidèles
12398,46,1,1435.66,2,Clients perdus / inactifs
12399,119,7,1842.3,0,Clients VIP / fidèles
12400,414,1,205.25,1,Clients perdus / inactifs
12401,303,1,69.3,1,Clients perdus / inactifs
12402,323,6,1136.9,0,Clients VIP / fidèles
12403,50,2,947.36,2,Clients perdus / inactifs
12405,149,1,1390.39,2,Clients perdus / inactifs
12406,22,5,6390.36,0,Clients VIP / fidèles
12407,50,5,1507.1200000000001,0,Clients VIP / fidèles
12408,33,8,3905.77,0,Clients VIP / fidèles
12409,79,7,23419.29,3,Clients VIP / fidèles
12410,309,3,773.71,1,Clients perdus / inactifs
12411,410,1,346.9,1,Clients perdus / inactifs
12412,75,6,2404.93,0,Clients VIP / fidèles
12413,67,4,871.45,0,Clients VIP / fidèles
12414,217,4,532.41,0,Clients VIP / fidèles
12415,24,24,144033.37,3,Clients VIP / fidèles
12416,657,1,202.56,1,Clients perdus / inactifs
12417,3,20,5998.41,3,Clients VIP / fidèles
12418,113,4,2021.2,0,Clients VIP / fidèles
12419,386,2,391.01,1,Clients perdus / inactifs
12420,64,1,600.39,2,Clients perdus / inactifs
12421,16,6,874.6,0,Clients VIP / fidèles
12422,96,12,3639.35,3,Clients VIP / fidèles
12423,1,10,2301.39,0,Clients VIP / fidèles
12424,163,4,3340.03,0,Clients VIP / fidèles
12425,78,2,1741.41,0,Clients VIP / fidèles
12426,195,2,1201.21,0,Clients VIP / fidèles
12427,22,3,699.8,2,Clients perdus / inactifs
12428,26,8,6405.26,3,Clients VIP / fidèles
12429,9,8,5842.41,3,Clients VIP / fidèles
12430,43,1,216.4,2,Clients perdus / inactifs
12431,36,25,10102.22,3,Clients VIP / fidèles
12432,43,4,4359.32,0,Clients VIP / fidèles
12433,1,10,16794.14,3,Clients VIP / fidèles
12434,85,3,1103.43,0,Clients VIP / fidèles
12435,80,6,13925.93,3,Clients VIP / fidèles
12436,100,1,429.01000000000005,2,Clients perdus / inactifs
12437,2,38,11282.4,3,Clients VIP / fidèles
12438,14,2,2466.85,0,Clients VIP / fidèles
12439,683,2,1142.88,1,Clients perdus / inactifs
12440,462,2,739.2,1,Clients perdus / inactifs
12441,367,1,155.55,1,Clients perdus / inactifs
12442,3,1,144.06,2,Clients perdus / inactifs
12443,732,1,365.31,1,Clients perdus / inactifs
12444,21,5,4085.46,0,Clients VIP / fidèles
12445,22,2,378.98,2,Clients perdus / inactifs
12446,58,1,1002.3100000000001,2,Clients perdus / inactifs
12447,243,1,431.49,2,Clients perdus / inactifs
12448,44,1,365.45,2,Clients perdus / inactifs
12449,22,5,4274.89,0,Clients VIP / fidèles
12450,156,5,688.2,0,Clients VIP / fidèles
12451,11,8,12629.88,3,Clients VIP / fidèles
12452,17,1,348.57,2,Clients perdus / inactifs
12453,134,1,707.09,2,Clients perdus / inactifs
12454,56,4,16459.78,0,Clients VIP / fidèles
12455,73,9,5722.95,3,Clients VIP / fidèles
12456,44,3,2581.04,0,Clients VIP / fidèles
12457,66,7,2555.91,0,Clients VIP / fidèles
12458,71,4,1502.49,0,Clients VIP / fidèles
12459,605,1,398.36,1,Clients perdus / inactifs
12460,456,1,296.65,1,Clients perdus / inactifs
12461,155,1,626.88,2,Clients perdus / inactifs
12462,19,2,937.59,2,Clients perdus / inactifs
12463,53,4,1200.78,0,Clients VIP / fidèles
12464,10,8,957.05,0,Clients VIP / fidèles
12465,17,2,682.1899999999999,2,Clients perdus / inactifs
12467,423,1,132.8,1,Clients perdus / inactifs
12468,188,5,3238.74,0,Clients VIP / fidèles
12469,523,2,3070.54,1,Clients perdus / inactifs
12470,690,1,211.95,1,Clients perdus / inactifs
12471,2,71,35099.9,3,Clients VIP / fidèles
12472,32,19,14971.289999999999,3,Clients VIP / fidèles
12473,54,3,2585.73,0,Clients VIP / fidèles
12474,17,29,11310.75,3,Clients VIP / fidèles
12475,54,2,1065.64,2,Clients perdus / inactifs
12476,16,18,12319.91,3,Clients VIP / fidèles
12477,23,9,20276.37,3,Clients VIP / fidèles
12478,4,1,545.99,2,Clients perdus / inactifs
12479,11,1,473.2,2,Clients perdus / inactifs
12480,28,7,4834.85,0,Clients VIP / fidèles
12481,23,14,11033.51,3,Clients VIP / fidèles
12482,576,27,21941.72,3,Clients VIP / fidèles
12483,17,19,4069.1800000000003,3,Clients VIP / fidèles
12484,35,9,5557.1,3,Clients VIP / fidèles
12485,529,1,708.1,1,Clients perdus / inactifs
12486,432,1,917.28,1,Clients perdus / inactifs
12487,731,1,285.29999999999995,1,Clients perdus / inactifs
12488,10,3,1244.66,0,Clients VIP / fidèles
12489,336,1,298.93,1,Clients perdus / inactifs
12490,5,20,8764.64,3,Clients VIP / fidèles
12491,39,1,424.40000000000003,2,Clients perdus / inactifs
12492,63,3,607.21,2,Clients perdus / inactifs
12493,166,2,415.74,2,Clients perdus / inactifs
12494,16,9,1563.27,0,Clients VIP / fidèles
12495,641,1,277.4,1,Clients perdus / inactifs
12496,620,2,45.34,1,Clients perdus / inactifs
12497,82,3,5996.5,0,Clients VIP / fidèles
12498,21,3,349.70000000000005,2,Clients perdus / inactifs
12499,560,1,357.72,1,Clients perdus / inactifs
12500,23,18,5559.21,3,Clients VIP / fidèles
12501,337,1,2025.39,1,Clients perdus / inactifs
12502,96,5,2995.87,0,Clients VIP / fidèles
12503,584,1,896.0,1,Clients perdus / inactifs
12504,18,4,689.05,0,Clients VIP / fidèles
12505,409,1,787.2,1,Clients perdus / inactifs
12506,233,1,73.5,2,Clients perdus / inactifs
12507,134,4,1508.06,0,Clients VIP / fidèles
12508,26,2,397.88,2,Clients perdus / inactifs
12509,284,1,158.5,2,Clients perdus / inactifs
12510,143,7,3039.03,0,Clients VIP / fidèles
12511,429,1,3084.02,1,Clients perdus / inactifs
12512,66,2,132.18,2,Clients perdus / inactifs
12513,113,1,558.29,2,Clients perdus / inactifs
12514,267,2,1597.76,0,Clients VIP / fidèles
12515,353,1,278.7,1,Clients perdus / inactifs
12516,78,4,2288.62,0,Clients VIP / fidèles
12517,28,4,2301.6,0,Clients VIP / fidèles
12518,1,5,1840.89,0,Clients VIP / fidèles
12519,64,2,626.54,2,Clients perdus / inactifs
12520,79,5,2346.2599999999998,0,Clients VIP / fidèles
12521,143,1,545.68,2,Clients perdus / inactifs
12522,39,2,156.72,2,Clients perdus / inactifs
12523,19,23,4010.35,3,Clients VIP / fidèles
12524,9,17,9794.11,3,Clients VIP / fidèles
12525,498,3,883.73,1,Clients perdus / inactifs
12526,1,3,1172.66,0,Clients VIP / fidèles
12527,82,5,717.51,0,Clients VIP / fidèles
12528,9,6,1645.48,0,Clients VIP / fidèles
12529,528,1,316.48,1,Clients perdus / inactifs
12530,60,9,3381.26,0,Clients VIP / fidèles
12531,15,2,1771.2,0,Clients VIP / fidèles
12532,30,1,313.83000000000004,2,Clients perdus / inactifs
12533,628,2,1223.89,1,Clients perdus / inactifs
12534,131,1,981.18,2,Clients perdus / inactifs
12535,92,2,716.35,2,Clients perdus / inactifs
12536,59,1,4279.71,0,Clients VIP / fidèles
12537,409,1,612.94,1,Clients perdus / inactifs
12538,29,2,640.45,2,Clients perdus / inactifs
12539,22,7,11186.75,3,Clients VIP / fidèles
12540,20,32,19250.49,3,Clients VIP / fidèles
12541,30,3,841.18,0,Clients VIP / fidèles
12542,484,2,481.88,1,Clients perdus / inactifs
12543,448,1,840.25,1,Clients perdus / inactifs
12544,36,1,316.7,2,Clients perdus / inactifs
12545,75,2,832.39,2,Clients perdus / inactifs
12546,47,2,1021.5,2,Clients perdus / inactifs
12547,198,3,299.58,2,Clients perdus / inactifs
12548,166,1,67.19999999999999,2,Clients perdus / inactifs
12549,576,5,1570.68,1,Clients perdus / inactifs
12550,79,1,824.83,2,Clients perdus / inactifs
12551,358,1,168.0,1,Clients perdus / inactifs
12552,40,1,317.82,2,Clients perdus / inactifs
12553,8,12,4104.75,3,Clients VIP / fidèles
12554,449,1,384.5,1,Clients perdus / inactifs
12556,50,2,599.56,2,Clients perdus / inactifs
12557,16,8,18096.14,3,Clients VIP / fidèles
12558,8,1,269.96,2,Clients perdus / inactifs
12559,311,2,525.71,1,Clients perdus / inactifs
12560,5,2,1918.01,0,Clients VIP / fidèles
12561,303,1,238.85,1,Clients perdus / inactifs
12562,8,9,4426.92,3,Clients VIP / fidèles
12563,409,1,221.24,1,Clients perdus / inactifs
12564,261,1,402.9,2,Clients perdus / inactifs
12565,289,1,145.92,2,Clients perdus / inactifs
12566,86,1,297.65,2,Clients perdus / inactifs
12567,23,15,10741.48,3,Clients VIP / fidèles
12568,645,1,52.0,1,Clients perdus / inactifs
12569,2,32,3152.69,3,Clients VIP / fidèles
12571,40,2,519.61,2,Clients perdus / inactifs
12572,9,2,912.42,2,Clients perdus / inactifs
12573,227,5,717.41,0,Clients VIP / fidèles
12574,316,1,182.45000000000002,1,Clients perdus / inactifs
12575,457,2,568.8199999999999,1,Clients perdus / inactifs
12576,36,8,2062.72,0,Clients VIP / fidèles
12577,35,8,1613.15,0,Clients VIP / fidèles
12578,21,4,4026.4500000000003,0,Clients VIP / fidèles
12579,78,1,386.42,2,Clients perdus / inactifs
12580,247,2,962.9,2,Clients perdus / inactifs
12581,40,1,179.71,2,Clients perdus / inactifs
12582,239,4,1820.4,0,Clients VIP / fidèles
12583,3,27,12493.58,3,Clients VIP / fidèles
12584,4,9,2254.15,0,Clients VIP / fidèles
12585,234,2,1824.1,0,Clients VIP / fidèles
12586,17,4,2062.67,0,Clients VIP / fidèles
12587,8,1,104.0,2,Clients perdus / inactifs
12588,39,3,718.78,2,Clients perdus / inactifs
12589,29,6,3294.91,0,Clients VIP / fidèles
12590,211,1,9341.26,0,Clients VIP / fidèles
12591,317,3,1114.95,0,Clients VIP / fidèles
12592,92,4,1723.6399999999999,0,Clients VIP / fidèles
12593,109,3,382.09999999999997,2,Clients perdus / inactifs
12594,38,14,4890.110000000001,3,Clients VIP / fidèles
12595,505,1,281.02,1,Clients perdus / inactifs
12596,51,2,450.27,2,Clients perdus / inactifs
12597,19,4,3195.22,0,Clients VIP / fidèles
12598,10,10,4192.09,3,Clients VIP / fidèles
12599,29,13,2026.72,3,Clients VIP / fidèles
12600,29,20,4385.85,3,Clients VIP / fidèles
12601,190,6,573.26,0,Clients VIP / fidèles
12602,59,1,153.12,2,Clients perdus / inactifs
12603,22,1,613.1999999999999,2,Clients perdus / inactifs
12604,79,2,236.18,2,Clients perdus / inactifs
12605,376,3,1124.95,1,Clients perdus / inactifs
12607,60,1,1579.51,2,Clients perdus / inactifs
12608,405,1,415.79,1,Clients perdus / inactifs
12609,78,9,3021.86,0,Clients VIP / fidèles
12610,23,4,1747.54,0,Clients VIP / fidèles
12611,52,1,1193.32,2,Clients perdus / inactifs
12612,74,1,668.0400000000001,2,Clients perdus / inactifs
12613,57,9,6277.37,3,Clients VIP / fidèles
12614,278,1,315.6,2,Clients perdus / inactifs
12615,2,8,5362.98,3,Clients VIP / fidèles
12616,95,3,1023.1,0,Clients VIP / fidèles
12617,29,1,352.98,2,Clients perdus / inactifs
12618,22,1,137.31,2,Clients perdus / inactifs
12619,16,9,3085.7,0,Clients VIP / fidèles
12620,15,3,1303.41,0,Clients VIP / fidèles
12621,2,35,22097.2,3,Clients VIP / fidèles
12622,232,1,162.1,2,Clients perdus / inactifs
12623,276,7,3315.84,0,Clients VIP / fidèles
12624,106,2,569.13,2,Clients perdus / inactifs
12625,212,4,4678.88,0,Clients VIP / fidèles
12626,23,9,5954.48,3,Clients VIP / fidèles
12627,11,6,4082.53,0,Clients VIP / fidèles
12628,4,3,732.46,0,Clients VIP / fidèles
12629,386,2,1198.22,1,Clients perdus / inactifs
12630,10,2,1030.88,2,Clients perdus / inactifs
12631,57,6,3321.57,0,Clients VIP / fidèles
12632,521,2,714.88,1,Clients perdus / inactifs
12633,59,7,5156.16,0,Clients VIP / fidèles
12634,548,1,360.0,1,Clients perdus / inactifs
12635,90,4,2624.41,0,Clients VIP / fidèles
12637,67,12,8085.8099999999995,3,Clients VIP / fidèles
12638,33,2,681.49,2,Clients perdus / inactifs
12639,239,3,1072.37,0,Clients VIP / fidèles
12640,24,3,994.58,0,Clients VIP / fidèles
12641,115,1,145.9,2,Clients perdus / inactifs
12642,25,3,905.26,0,Clients VIP / fidèles
12643,128,11,7803.82,3,Clients VIP / fidèles
12644,130,4,1900.49,0,Clients VIP / fidèles
12645,34,8,3215.3,0,Clients VIP / fidèles
12646,5,2,1346.97,0,Clients VIP / fidèles
12647,22,35,14109.55,3,Clients VIP / fidèles
12648,155,4,1039.0,0,Clients VIP / fidèles
12649,107,8,2096.65,0,Clients VIP / fidèles
12650,3,1,242.44000000000003,2,Clients perdus / inactifs
12651,335,4,377.75,1,Clients perdus / inactifs
12652,331,2,891.03,1,Clients perdus / inactifs
12653,149,3,4160.83,0,Clients VIP / fidèles
12654,11,5,529.98,0,Clients VIP / fidèles
12655,424,1,243.35000000000002,1,Clients perdus / inactifs
12656,17,8,5723.83,3,Clients VIP / fidèles
12657,11,4,1427.18,0,Clients VIP / fidèles
12658,19,1,632.05,2,Clients perdus / inactifs
12659,30,1,73.68,2,Clients perdus / inactifs
12660,11,1,227.1,2,Clients perdus / inactifs
12661,436,1,162.0,1,Clients perdus / inactifs
12662,1,20,6130.54,3,Clients VIP / fidèles
12663,625,2,185.4,1,Clients perdus / inactifs
12664,8,11,5420.04,3,Clients VIP / fidèles
12665,325,3,259.6,1,Clients perdus / inactifs
12666,394,1,1248.42,1,Clients perdus / inactifs
12667,58,1,460.13,2,Clients perdus / inactifs
12668,12,9,9906.03,3,Clients VIP / fidèles
12669,151,2,1427.73,0,Clients VIP / fidèles
12670,10,7,3436.29,0,Clients VIP / fidèles
12671,606,1,2622.48,1,Clients perdus / inactifs
12672,330,2,407.05,1,Clients perdus / inactifs
12673,5,3,1140.02,0,Clients VIP / fidèles
12674,39,4,1844.6,0,Clients VIP / fidèles
12675,554,2,873.25,1,Clients perdus / inactifs
12676,25,10,2333.09,0,Clients VIP / fidèles
12677,555,2,359.1,1,Clients perdus / inactifs
12678,42,17,32855.18,3,Clients VIP / fidèles
12679,59,4,951.02,0,Clients VIP / fidèles
12680,1,4,790.81,0,Clients VIP / fidèles
12681,15,44,26936.76,3,Clients VIP / fidèles
12682,4,51,20736.22,3,Clients VIP / fidèles
12683,4,20,10445.7,3,Clients VIP / fidèles
12684,8,6,2073.63,0,Clients VIP / fidèles
12685,28,6,2575.08,0,Clients VIP / fidèles
12686,372,1,71.14,1,Clients perdus / inactifs
12687,481,1,1858.91,1,Clients perdus / inactifs
12688,114,1,4873.8099999999995,0,Clients VIP / fidèles
12689,26,2,1139.61,2,Clients perdus / inactifs
12690,206,1,335.01,2,Clients perdus / inactifs
12691,28,6,1044.4,0,Clients VIP / fidèles
12692,637,1,110.95,1,Clients perdus / inactifs
12693,127,7,1415.02,0,Clients VIP / fidèles
12694,70,3,1663.35,0,Clients VIP / fidèles
12695,7,7,1371.1200000000001,0,Clients VIP / fidèles
12696,435,2,731.91,1,Clients perdus / inactifs
12697,29,3,757.59,0,Clients VIP / fidèles
12698,590,1,285.75,1,Clients perdus / inactifs
12699,418,1,566.11,1,Clients perdus / inactifs
12700,8,4,4525.99,0,Clients VIP / fidèles
12701,80,6,2248.41,0,Clients VIP / fidèles
12702,20,1,201.0,2,Clients perdus / inactifs
12703,71,4,898.53,0,Clients VIP / fidèles
12704,7,8,1740.84,0,Clients VIP / fidèles
12705,15,13,11114.1,3,Clients VIP / fidèles
12707,292,1,603.42,2,Clients perdus / inactifs
12708,30,18,4559.66,3,Clients VIP / fidèles
12709,15,32,29487.18,3,Clients VIP / fidèles
12710,97,3,1023.02,0,Clients VIP / fidèles
12711,612,2,1213.05,1,Clients perdus / inactifs
12712,29,21,5985.03,3,Clients VIP / fidèles
12713,1,1,794.55,2,Clients perdus / inactifs
12714,9,12,12815.710000000001,3,Clients VIP / fidèles
12715,106,1,263.36,2,Clients perdus / inactifs
12716,4,2,963.49,2,Clients perdus / inactifs
12717,151,3,1058.91,0,Clients VIP / fidèles
12718,71,1,202.25,2,Clients perdus / inactifs
12719,5,2,572.95,2,Clients perdus / inactifs
12720,3,29,6905.28,3,Clients VIP / fidèles
12721,32,8,3635.08,0,Clients VIP / fidèles
12722,85,4,979.63,0,Clients VIP / fidèles
12723,4,5,707.07,0,Clients VIP / fidèles
12724,5,7,2083.52,0,Clients VIP / fidèles
12725,371,3,1906.76,0,Clients VIP / fidèles
12726,28,11,3690.6,3,Clients VIP / fidèles
12727,11,10,4905.53,3,Clients VIP / fidèles
12728,71,5,926.17,0,Clients VIP / fidèles
12729,114,1,417.01,2,Clients perdus / inactifs
12730,522,1,703.25,1,Clients perdus / inactifs
12731,24,17,25631.71,3,Clients VIP / fidèles
12732,180,1,218.26000000000002,2,Clients perdus / inactifs
12733,234,4,2424.02,0,Clients VIP / fidèles
12734,353,3,603.65,1,Clients perdus / inactifs
12735,315,2,689.5699999999999,1,Clients perdus / inactifs
12736,333,1,144.0,1,Clients perdus / inactifs
12737,499,1,100.0,1,Clients perdus / inactifs
12738,372,1,137.35,1,Clients perdus / inactifs
12739,99,2,2421.23,0,Clients VIP / fidèles
12740,64,1,427.6,2,Clients perdus / inactifs
12741,533,1,236.07,1,Clients perdus / inactifs
12742,626,1,1201.52,1,Clients perdus / inactifs
12743,134,2,540.13,2,Clients perdus / inactifs
12744,56,8,13158.16,3,Clients VIP / fidèles
12745,487,2,723.85,1,Clients perdus / inactifs
12746,541,1,254.55,1,Clients perdus / inactifs
12747,2,26,8898.48,3,Clients VIP / fidèles
12748,1,322,49176.74,3,Clients VIP / fidèles
12749,4,9,6897.36,3,Clients VIP / fidèles
12750,129,1,275.88,2,Clients perdus / inactifs
12751,445,1,268.27,1,Clients perdus / inactifs
12752,81,1,4366.78,0,Clients VIP / fidèles
12753,23,6,21429.39,3,Clients VIP / fidèles
12754,236,3,3010.74,0,Clients VIP / fidèles
12755,281,11,5236.259999999999,3,Clients VIP / fidèles
12756,87,1,112.07999999999998,2,Clients perdus / inactifs
12757,16,9,4176.75,3,Clients VIP / fidèles
12758,117,7,9903.24,3,Clients VIP / fidèles
12759,52,8,4618.74,0,Clients VIP / fidèles
12760,456,1,317.8,1,Clients perdus / inactifs
12761,465,1,712.95,1,Clients perdus / inactifs
12762,8,2,1702.52,0,Clients VIP / fidèles
12763,138,2,494.08,2,Clients perdus / inactifs
12764,317,1,1693.88,1,Clients perdus / inactifs
12765,472,6,1299.58,1,Clients perdus / inactifs
12766,4,9,8134.99,3,Clients VIP / fidèles
12767,376,1,949.82,1,Clients perdus / inactifs
12768,451,1,168.69000000000003,1,Clients perdus / inactifs
12769,239,1,1143.6,2,Clients perdus / inactifs
12770,211,2,3246.45,0,Clients VIP / fidèles
12771,486,1,226.3,1,Clients perdus / inactifs
12772,60,1,752.47,2,Clients perdus / inactifs
12773,564,1,124.25,1,Clients perdus / inactifs
12774,536,1,83.7,1,Clients perdus / inactifs
12775,17,7,1551.12,0,Clients VIP / fidèles
12776,668,1,27.5,1,Clients perdus / inactifs
12777,458,1,519.45,1,Clients perdus / inactifs
12778,20,9,1541.68,0,Clients VIP / fidèles
12779,38,14,6474.11,3,Clients VIP / fidèles
12780,599,1,322.4,1,Clients perdus / inactifs
12781,64,2,786.74,2,Clients perdus / inactifs
12782,5,11,3862.2400000000002,3,Clients VIP / fidèles
12783,2,4,1295.87,0,Clients VIP / fidèles
12784,15,2,1511.15,0,Clients VIP / fidèles
12785,364,3,904.4,1,Clients perdus / inactifs
12786,610,1,668.5,1,Clients perdus / inactifs
12787,10,4,799.18,0,Clients VIP / fidèles
12788,463,4,384.9,1,Clients perdus / inactifs
12789,65,3,225.35,2,Clients perdus / inactifs
12790,192,2,546.85,2,Clients perdus / inactifs
12791,374,5,656.83,1,Clients perdus / inactifs
12792,257,2,715.01,2,Clients perdus / inactifs
12793,335,3,745.53,1,Clients perdus / inactifs
12794,53,2,860.41,2,Clients perdus / inactifs
12795,19,1,318.48,2,Clients perdus / inactifs
12796,628,1,351.0,1,Clients perdus / inactifs
12797,366,2,468.08000000000004,1,Clients perdus / inactifs
12798,10,4,8510.93,0,Clients VIP / fidèles
12799,529,1,219.35,1,Clients perdus / inactifs
12800,470,2,500.25,1,Clients perdus / inactifs
12801,501,1,871.82,1,Clients perdus / inactifs
12802,187,5,2186.42,0,Clients VIP / fidèles
12803,393,1,1017.81,1,Clients perdus / inactifs
12804,466,2,325.37,1,Clients perdus / inactifs
12805,382,4,1230.95,1,Clients perdus / inactifs
12806,572,2,2558.96,1,Clients perdus / inactifs
12807,383,1,250.35,1,Clients perdus / inactifs
12808,37,5,748.7,0,Clients VIP / fidèles
12809,178,3,1384.3400000000001,0,Clients VIP / fidèles
12810,535,2,534.99,1,Clients perdus / inactifs
12811,262,4,893.9,0,Clients VIP / fidèles
12812,45,1,229.64000000000001,2,Clients perdus / inactifs
12813,502,3,1621.8,1,Clients perdus / inactifs
12814,102,1,85.92,2,Clients perdus / inactifs
12815,148,2,863.46,2,Clients perdus / inactifs
12816,96,2,452.20000000000005,2,Clients perdus / inactifs
12817,281,3,570.98,2,Clients perdus / inactifs
12818,262,1,1182.0800000000002,2,Clients perdus / inactifs
12819,458,1,540.52,1,Clients perdus / inactifs
12820,3,11,2689.52,3,Clients VIP / fidèles
12821,214,2,220.8,2,Clients perdus / inactifs
12822,71,2,948.88,2,Clients perdus / inactifs
12823,75,18,6501.5,3,Clients VIP / fidèles
12824,60,1,397.12,2,Clients perdus / inactifs
12825,521,2,518.63,1,Clients perdus / inactifs
12826,3,12,2800.75,3,Clients VIP / fidèles
12827,6,3,430.15000000000003,2,Clients perdus / inactifs
12828,3,6,1018.71,0,Clients VIP / fidèles
12829,337,3,385.3,1,Clients perdus / inactifs
12830,38,6,6814.64,0,Clients VIP / fidèles
12831,262,3,451.11,2,Clients perdus / inactifs
12832,32,2,383.03,2,Clients perdus / inactifs
12833,145,1,417.38,2,Clients perdus / inactifs
12834,283,1,312.38,2,Clients perdus / inactifs
12835,428,41,5996.83,3,Clients VIP / fidèles
12836,59,15,6559.7300000000005,3,Clients VIP / fidèles
12837,173,2,662.66,2,Clients perdus / inactifs
12838,34,10,2975.91,0,Clients VIP / fidèles
12839,3,26,9669.12,3,Clients VIP / fidèles
12840,144,7,4041.97,0,Clients VIP / fidèles
12841,5,40,6958.2,3,Clients VIP / fidèles
12842,70,4,1917.99,0,Clients VIP / fidèles
12843,66,28,6461.87,3,Clients VIP / fidèles
12844,29,4,648.6,0,Clients VIP / fidèles
12845,267,4,354.09,2,Clients perdus / inactifs
12847,22,2,1609.0,0,Clients VIP / fidèles
12848,676,1,208.0,1,Clients perdus / inactifs
12849,31,6,3015.98,0,Clients VIP / fidèles
12850,446,1,330.0,1,Clients perdus / inactifs
12851,97,2,280.76,2,Clients perdus / inactifs
12852,295,1,311.55,2,Clients perdus / inactifs
12853,135,11,3907.5,3,Clients VIP / fidèles
12854,79,7,2970.9700000000003,0,Clients VIP / fidèles
12855,373,4,612.84,1,Clients perdus / inactifs
12856,8,6,2170.78,0,Clients VIP / fidèles
12857,211,6,3688.0,0,Clients VIP / fidèles
12858,383,1,147.27,1,Clients perdus / inactifs
12859,459,1,575.1,1,Clients perdus / inactifs
12860,693,1,54.22,1,Clients perdus / inactifs
12861,620,1,68.25,1,Clients perdus / inactifs
12862,426,2,984.62,1,Clients perdus / inactifs
12863,52,6,2792.5499999999997,0,Clients VIP / fidèles
12864,138,2,299.57,2,Clients perdus / inactifs
12865,26,4,3323.47,0,Clients VIP / fidèles
12866,283,3,1092.35,0,Clients VIP / fidèles
12867,26,13,7829.26,3,Clients VIP / fidèles
12868,186,8,2043.76,0,Clients VIP / fidèles
12869,682,1,337.66999999999996,1,Clients perdus / inactifs
12870,375,3,1676.95,1,Clients perdus / inactifs
12871,84,3,744.02,0,Clients VIP / fidèles
12872,327,12,3283.96,0,Clients VIP / fidèles
12873,282,3,2027.3,0,Clients VIP / fidèles
12874,385,2,873.42,1,Clients perdus / inactifs
12875,143,5,1356.99,0,Clients VIP / fidèles
12876,58,4,3751.79,0,Clients VIP / fidèles
12877,4,20,2942.14,3,Clients VIP / fidèles
12878,236,2,854.99,2,Clients perdus / inactifs
12879,45,3,573.22,2,Clients perdus / inactifs
12880,382,2,640.13,1,Clients perdus / inactifs
12881,276,1,298.0,2,Clients perdus / inactifs
12882,9,2,1463.04,0,Clients VIP / fidèles
12883,25,4,703.47,0,Clients VIP / fidèles
12884,88,1,309.05,2,Clients perdus / inactifs
12885,63,3,1175.22,0,Clients VIP / fidèles
12886,68,2,1378.4,0,Clients VIP / fidèles
12887,384,1,222.4,1,Clients perdus / inactifs
12888,214,2,354.12,2,Clients perdus / inactifs
12889,381,4,385.46000000000004,1,Clients perdus / inactifs
12890,24,2,706.02,2,Clients perdus / inactifs
12891,186,11,840.5,0,Clients VIP / fidèles
12892,397,1,263.38,1,Clients perdus / inactifs
12893,31,1,176.55,2,Clients perdus / inactifs
12894,575,1,157.35,1,Clients perdus / inactifs
12895,42,2,372.8,2,Clients perdus / inactifs
12897,205,4,514.25,2,Clients perdus / inactifs
12898,464,2,296.21000000000004,1,Clients perdus / inactifs
12899,414,1,366.4,1,Clients perdus / inactifs
12900,422,1,340.33,1,Clients perdus / inactifs
12901,9,28,17654.54,3,Clients VIP / fidèles
12902,265,1,138.68,2,Clients perdus / inactifs
12903,429,1,833.53,1,Clients perdus / inactifs
12904,18,2,496.06,2,Clients perdus / inactifs
12905,577,2,1018.42,1,Clients perdus / inactifs
12906,12,5,2919.81,0,Clients VIP / fidèles
12907,396,2,508.91,1,Clients perdus / inactifs
12908,176,5,1776.0,0,Clients VIP / fidèles
12909,40,8,3103.19,0,Clients VIP / fidèles
12910,23,13,5796.52,3,Clients VIP / fidèles
12911,552,1,1651.72,1,Clients perdus / inactifs
12912,3,5,1662.3,0,Clients VIP / fidèles
12913,5,13,6283.24,3,Clients VIP / fidèles
12914,401,1,223.98,1,Clients perdus / inactifs
12915,149,4,975.1,0,Clients VIP / fidèles
12916,139,7,4479.73,0,Clients VIP / fidèles
12917,128,6,4359.2,0,Clients VIP / fidèles
12919,8,6,1335.19,0,Clients VIP / fidèles
12920,17,4,486.64,2,Clients perdus / inactifs
12921,9,74,35233.24,3,Clients VIP / fidèles
12922,161,1,405.38,2,Clients perdus / inactifs
12923,64,3,769.17,0,Clients VIP / fidèles
12924,88,12,2461.45,3,Clients VIP / fidèles
12925,5,3,729.3299999999999,0,Clients VIP / fidèles
12926,411,4,1523.59,1,Clients perdus / inactifs
12927,395,1,197.31,1,Clients perdus / inactifs
12928,35,12,4304.89,3,Clients VIP / fidèles
12929,312,1,117.85,1,Clients perdus / inactifs
12930,78,2,415.8,2,Clients perdus / inactifs
12931,22,57,92347.34,3,Clients VIP / fidèles
12932,539,8,1698.56,1,Clients perdus / inactifs
12933,24,8,1636.6299999999999,0,Clients VIP / fidèles
12934,737,1,181.65,1,Clients perdus / inactifs
12935,2,15,4243.86,3,Clients VIP / fidèles
12936,17,4,1063.9,0,Clients VIP / fidèles
12937,15,9,3097.61,0,Clients VIP / fidèles
12938,26,1,114.14,2,Clients perdus / inactifs
12939,64,20,25264.8,3,Clients VIP / fidèles
12940,55,2,899.69,2,Clients perdus / inactifs
12941,724,1,377.49,1,Clients perdus / inactifs
12942,131,3,675.6,2,Clients perdus / inactifs
12943,558,2,496.5,1,Clients perdus / inactifs
12944,36,2,604.51,2,Clients perdus / inactifs
12945,288,2,900.11,2,Clients perdus / inactifs
12946,437,1,324.45,1,Clients perdus / inactifs
12947,144,6,1603.99,0,Clients VIP / fidèles
12948,16,9,2317.43,0,Clients VIP / fidèles
12949,31,22,15526.7,3,Clients VIP / fidèles
12950,2,3,1843.0,0,Clients VIP / fidèles
12951,9,15,3213.7200000000003,3,Clients VIP / fidèles
12952,6,4,1387.79,0,Clients VIP / fidèles
12953,10,2,828.8100000000001,2,Clients perdus / inactifs
12954,639,1,162.45,1,Clients perdus / inactifs
12955,1,11,4757.16,3,Clients VIP / fidèles
12956,306,4,521.89,1,Clients perdus / inactifs
12957,10,13,8706.97,3,Clients VIP / fidèles
12958,400,2,467.34,1,Clients perdus / inactifs
12959,484,1,150.95,1,Clients perdus / inactifs
12960,414,4,1322.07,1,Clients perdus / inactifs
12961,379,1,211.99,1,Clients perdus / inactifs
12962,7,2,266.39,2,Clients perdus / inactifs
12963,8,12,3235.79,3,Clients VIP / fidèles
12964,437,1,132.24,1,Clients perdus / inactifs
12965,89,1,769.8100000000001,2,Clients perdus / inactifs
12966,10,1,160.18,2,Clients perdus / inactifs
12967,358,3,2938.52,0,Clients VIP / fidèles
12968,112,1,135.95,2,Clients perdus / inactifs
12969,603,1,122.45,1,Clients perdus / inactifs
12970,7,10,1452.54,0,Clients VIP / fidèles
12971,4,116,15704.6,3,Clients VIP / fidèles
12972,414,4,1161.2,1,Clients perdus / inactifs
12973,414,1,385.55,1,Clients perdus / inactifs
12974,198,2,408.95,2,Clients perdus / inactifs
12975,437,6,2100.09,0,Clients VIP / fidèles
12976,212,8,3156.38,0,Clients VIP / fidèles
12977,156,4,513.88,2,Clients perdus / inactifs
12978,385,5,2502.82,0,Clients VIP / fidèles
12979,729,1,517.7,1,Clients perdus / inactifs
12980,158,21,16245.78,3,Clients VIP / fidèles
12981,30,2,372.21999999999997,2,Clients perdus / inactifs
12982,243,8,2744.81,0,Clients VIP / fidèles
12983,598,1,490.08000000000004,1,Clients perdus / inactifs
12984,19,1,97.5,2,Clients perdus / inactifs
12985,1,2,1239.38,0,Clients VIP / fidèles
12986,429,10,2729.84,0,Clients VIP / fidèles
12987,74,5,1312.21,0,Clients VIP / fidèles
12988,292,1,505.82,2,Clients perdus / inactifs
12989,3,33,13551.75,3,Clients VIP / fidèles
12990,31,7,955.5,0,Clients VIP / fidèles
12991,23,3,764.82,0,Clients VIP / fidèles
12992,725,1,93.35000000000001,1,Clients perdus / inactifs
12993,23,8,1259.6299999999999,0,Clients VIP / fidèles
12994,4,3,974.4200000000001,0,Clients VIP / fidèles
12995,85,1,211.32,2,Clients perdus / inactifs
12996,376,1,355.5,1,Clients perdus / inactifs
12997,22,8,2110.91,0,Clients VIP / fidèles
12998,493,3,920.08,1,Clients perdus / inactifs
12999,196,3,455.88,2,Clients perdus / inactifs
13000,107,4,1032.5,0,Clients VIP / fidèles
13001,4,33,24042.65,3,Clients VIP / fidèles
13002,318,3,414.13,1,Clients perdus / inactifs
13003,106,3,149.05,2,Clients perdus / inactifs
13004,12,36,11650.85,3,Clients VIP / fidèles
13005,174,4,999.68,0,Clients VIP / fidèles
13006,56,1,81.57,2,Clients perdus / inactifs
13007,580,1,175.25,1,Clients perdus / inactifs
13008,323,3,612.13,1,Clients perdus / inactifs
13009,673,1,234.0,1,Clients perdus / inactifs
13010,374,2,330.12,1,Clients perdus / inactifs
13011,372,1,50.550000000000004,1,Clients perdus / inactifs
13012,9,11,2957.83,3,Clients VIP / fidèles
13013,1,29,11097.43,3,Clients VIP / fidèles
13014,11,11,5381.08,3,Clients VIP / fidèles
13015,53,11,6579.78,3,Clients VIP / fidèles
13016,73,3,789.89,0,Clients VIP / fidèles
13017,7,1,204.0,2,Clients perdus / inactifs
13018,16,35,9763.16,3,Clients VIP / fidèles
13019,379,6,1229.95,0,Clients VIP / fidèles
13020,563,2,618.96,1,Clients perdus / inactifs
13021,4,17,4887.24,3,Clients VIP / fidèles
13022,430,1,50.3,1,Clients perdus / inactifs
13023,64,3,1251.03,0,Clients VIP / fidèles
13024,471,2,555.87,1,Clients perdus / inactifs
13025,732,1,323.39,1,Clients perdus / inactifs
13026,1,9,1733.08,0,Clients VIP / fidèles
13027,114,19,17239.2,3,Clients VIP / fidèles
13028,23,2,661.3199999999999,2,Clients perdus / inactifs
13029,31,5,1927.3,0,Clients VIP / fidèles
13030,11,2,752.4399999999999,2,Clients perdus / inactifs
13031,407,5,3292.84,0,Clients VIP / fidèles
13032,52,9,2815.96,0,Clients VIP / fidèles
13033,357,2,220.55,1,Clients perdus / inactifs
13034,55,3,756.82,0,Clients VIP / fidèles
13035,74,3,1364.2,0,Clients VIP / fidèles
13036,685,1,307.1,1,Clients perdus / inactifs
13037,138,12,3914.9500000000003,3,Clients VIP / fidèles
13038,80,3,908.46,0,Clients VIP / fidèles
13039,584,4,1010.73,1,Clients perdus / inactifs
13040,9,2,676.99,2,Clients perdus / inactifs
13041,451,4,799.13,1,Clients perdus / inactifs
13042,598,3,1488.59,1,Clients perdus / inactifs
13043,273,1,516.42,2,Clients perdus / inactifs
13044,291,11,4848.05,3,Clients VIP / fidèles
13045,99,3,808.92,0,Clients VIP / fidèles
13046,31,3,949.25,0,Clients VIP / fidèles
13047,57,23,8423.58,3,Clients VIP / fidèles
13048,14,9,4049.13,3,Clients VIP / fidèles
13049,64,4,1408.24,0,Clients VIP / fidèles
13050,15,34,11877.29,3,Clients VIP / fidèles
13051,579,2,155.8,1,Clients perdus / inactifs
13052,212,7,3118.48,0,Clients VIP / fidèles
13053,622,1,127.65,1,Clients perdus / inactifs
13055,78,4,2321.11,0,Clients VIP / fidèles
13056,551,1,209.48,1,Clients perdus / inactifs
13057,530,3,709.59,1,Clients perdus / inactifs
13058,25,3,271.40000000000003,2,Clients perdus / inactifs
13059,250,10,2291.77,0,Clients VIP / fidèles
13060,254,1,307.53,2,Clients perdus / inactifs
13061,72,1,248.61,2,Clients perdus / inactifs
13062,191,1,346.98,2,Clients perdus / inactifs
13063,481,1,188.4,1,Clients perdus / inactifs
13064,13,6,1666.8400000000001,0,Clients VIP / fidèles
13065,373,5,1055.05,0,Clients VIP / fidèles
13066,24,2,470.8,2,Clients perdus / inactifs
13067,82,3,508.51,2,Clients perdus / inactifs
13068,10,2,344.0,2,Clients perdus / inactifs
13069,1,38,9284.45,3,Clients VIP / fidèles
13070,192,4,751.7,0,Clients VIP / fidèles
13071,612,1,129.22,1,Clients perdus / inactifs
13072,267,1,177.15,2,Clients perdus / inactifs
13073,411,2,418.08,1,Clients perdus / inactifs
13074,511,4,1378.74,1,Clients perdus / inactifs
13075,130,1,919.61,2,Clients perdus / inactifs
13076,458,1,135.4,1,Clients perdus / inactifs
13077,1,11,2740.65,3,Clients VIP / fidèles
13078,3,57,29018.06,3,Clients VIP / fidèles
13079,4,6,419.18,0,Clients VIP / fidèles
13080,179,4,280.73,2,Clients perdus / inactifs
13081,12,28,56838.37,3,Clients VIP / fidèles
13082,126,21,7335.75,3,Clients VIP / fidèles
13083,4,3,395.43,2,Clients perdus / inactifs
13084,492,1,122.39999999999999,1,Clients perdus / inactifs
13085,158,8,2433.28,0,Clients VIP / fidèles
13086,383,1,439.33000000000004,1,Clients perdus / inactifs
13087,726,1,313.64,1,Clients perdus / inactifs
13088,417,1,236.11,1,Clients perdus / inactifs
13089,3,203,113416.91,3,Clients VIP / fidèles
13090,9,23,13076.74,3,Clients VIP / fidèles
13091,28,2,1108.8,2,Clients perdus / inactifs
13092,71,12,2140.28,0,Clients VIP / fidèles
13093,276,55,54144.25,3,Clients VIP / fidèles
13094,21,13,2209.44,3,Clients VIP / fidèles
13095,71,1,74.39999999999999,2,Clients perdus / inactifs
13096,394,1,419.70000000000005,1,Clients perdus / inactifs
13097,33,27,13015.36,3,Clients VIP / fidèles
13098,1,28,28882.44,3,Clients VIP / fidèles
13099,99,1,207.35999999999999,2,Clients perdus / inactifs
13101,234,4,695.4,0,Clients VIP / fidèles
13102,1,37,11380.1,3,Clients VIP / fidèles
13103,40,3,709.64,2,Clients perdus / inactifs
13104,3,9,1709.1,0,Clients VIP / fidèles
13105,436,1,72.0,1,Clients perdus / inactifs
13106,133,2,603.46,2,Clients perdus / inactifs
13107,44,9,5253.07,3,Clients VIP / fidèles
13108,373,2,748.46,1,Clients perdus / inactifs
13109,60,3,1134.03,0,Clients VIP / fidèles
13110,31,12,2957.4700000000003,3,Clients VIP / fidèles
13111,719,1,321.88000000000005,1,Clients perdus / inactifs
13112,541,1,20.6,1,Clients perdus / inactifs
13113,1,37,18230.07,3,Clients VIP / fidèles
13114,731,1,234.38,1,Clients perdus / inactifs
13115,12,10,5494.7,3,Clients VIP / fidèles
13116,138,1,501.14,2,Clients perdus / inactifs
13117,22,18,2255.66,3,Clients VIP / fidèles
13118,20,9,2415.41,0,Clients VIP / fidèles
13119,669,1,134.9,1,Clients perdus / inactifs
13120,239,1,30.599999999999998,2,Clients perdus / inactifs
13121,269,1,283.73,2,Clients perdus / inactifs
13122,94,2,922.39,2,Clients perdus / inactifs
13123,473,2,506.75,1,Clients perdus / inactifs
13124,90,4,4641.66,0,Clients VIP / fidèles
13125,524,1,148.62,1,Clients perdus / inactifs
13126,5,13,3774.81,3,Clients VIP / fidèles
13127,78,1,259.17,2,Clients perdus / inactifs
13128,631,1,263.5,1,Clients perdus / inactifs
13129,452,2,233.25,1,Clients perdus / inactifs
13130,94,1,64.0,2,Clients perdus / inactifs
13131,23,7,3313.77,0,Clients VIP / fidèles
13132,262,1,77.3,2,Clients perdus / inactifs
13133,274,3,200.45000000000002,2,Clients perdus / inactifs
13134,86,6,2475.23,0,Clients VIP / fidèles
13135,197,2,3371.45,0,Clients VIP / fidèles
13136,56,13,6274.56,3,Clients VIP / fidèles
13137,11,16,7586.94,3,Clients VIP / fidèles
13138,22,7,1274.01,0,Clients VIP / fidèles
13139,16,8,8202.98,3,Clients VIP / fidèles
13140,108,5,1054.92,0,Clients VIP / fidèles
13141,85,17,7656.08,3,Clients VIP / fidèles
13142,19,1,307.09,2,Clients perdus / inactifs
13143,585,1,405.1,1,Clients perdus / inactifs
13144,333,2,135.35,1,Clients perdus / inactifs
13145,40,7,1128.52,0,Clients VIP / fidèles
13146,26,1,228.91,2,Clients perdus / inactifs
13147,10,4,712.8000000000001,0,Clients VIP / fidèles
13148,29,26,8488.32,3,Clients VIP / fidèles
13149,14,4,1676.06,0,Clients VIP / fidèles
13150,484,3,449.96999999999997,1,Clients perdus / inactifs
13151,296,3,2454.71,0,Clients VIP / fidèles
13152,417,7,2146.38,0,Clients VIP / fidèles
13153,6,1,486.22,2,Clients perdus / inactifs
13154,399,3,1624.84,1,Clients perdus / inactifs
13155,33,6,1370.48,0,Clients VIP / fidèles
13156,385,3,1586.54,1,Clients perdus / inactifs
13157,49,9,5687.36,3,Clients VIP / fidèles
13158,95,5,1508.18,0,Clients VIP / fidèles
13159,9,4,1429.35,0,Clients VIP / fidèles
13160,22,1,91.8,2,Clients perdus / inactifs
13161,313,2,472.13,1,Clients perdus / inactifs
13162,122,16,9275.49,3,Clients VIP / fidèles
13163,610,1,17.65,1,Clients perdus / inactifs
13164,569,2,372.2,1,Clients perdus / inactifs
13165,46,3,1451.16,0,Clients VIP / fidèles
13166,283,2,875.93,2,Clients perdus / inactifs
13167,19,5,1113.15,0,Clients VIP / fidèles
13168,36,5,1840.73,0,Clients VIP / fidèles
13169,64,3,840.08,0,Clients VIP / fidèles
13170,27,1,108.81,2,Clients perdus / inactifs
13171,22,3,468.41,2,Clients perdus / inactifs
13172,400,1,69.6,1,Clients perdus / inactifs
13173,4,11,2389.82,3,Clients VIP / fidèles
13174,16,11,7972.46,3,Clients VIP / fidèles
13175,582,2,831.45,1,Clients perdus / inactifs
13176,46,1,481.49,2,Clients perdus / inactifs
13177,65,2,512.2,2,Clients perdus / inactifs
13178,26,21,14059.19,3,Clients VIP / fidèles
13179,619,1,572.3100000000001,1,Clients perdus / inactifs
13180,607,1,86.10000000000001,1,Clients perdus / inactifs
13181,381,1,359.69,1,Clients perdus / inactifs
13182,45,1,121.18,2,Clients perdus / inactifs
13183,8,15,7036.18,3,Clients VIP / fidèles
13184,15,10,1667.95,0,Clients VIP / fidèles
13185,268,1,71.4,2,Clients perdus / inactifs
13186,40,3,1575.89,0,Clients VIP / fidèles
13187,337,4,328.36,1,Clients perdus / inactifs
13188,11,1,114.60000000000001,2,Clients perdus / inactifs
13189,19,2,260.68,2,Clients perdus / inactifs
13190,544,3,570.66,1,Clients perdus / inactifs
13191,658,1,159.21,1,Clients perdus / inactifs
13192,95,6,2558.58,0,Clients VIP / fidèles
13193,61,1,112.08,2,Clients perdus / inactifs
13194,136,2,472.78,2,Clients perdus / inactifs
13195,414,1,136.73,1,Clients perdus / inactifs
13196,11,7,3068.84,0,Clients VIP / fidèles
13197,610,1,373.01000000000005,1,Clients perdus / inactifs
13198,10,8,4974.2300000000005,3,Clients VIP / fidèles
13199,4,66,15949.210000000001,3,Clients VIP / fidèles
13200,19,4,870.09,0,Clients VIP / fidèles
13201,502,4,1233.06,1,Clients perdus / inactifs
13202,394,7,1580.3,0,Clients VIP / fidèles
13203,10,10,2648.25,0,Clients VIP / fidèles
13204,731,1,966.6600000000001,1,Clients perdus / inactifs
13205,443,1,2803.2,1,Clients perdus / inactifs
13206,400,13,8308.19,3,Clients VIP / fidèles
13207,15,4,535.86,0,Clients VIP / fidèles
13208,59,8,1951.82,0,Clients VIP / fidèles
13209,30,13,8509.51,3,Clients VIP / fidèles
13210,94,1,353.48,2,Clients perdus / inactifs
13211,10,10,2618.77,0,Clients VIP / fidèles
13212,20,3,786.83,0,Clients VIP / fidèles
13213,57,11,3851.52,3,Clients VIP / fidèles
13214,418,7,3264.23,0,Clients VIP / fidèles
13215,402,1,81.6,1,Clients perdus / inactifs
13216,268,1,333.74,2,Clients perdus / inactifs
13217,122,4,666.48,0,Clients VIP / fidèles
13218,127,1,62.63999999999999,2,Clients perdus / inactifs
13219,618,1,76.23,1,Clients perdus / inactifs
13220,78,5,1336.0900000000001,0,Clients VIP / fidèles
13221,240,2,844.86,2,Clients perdus / inactifs
13222,577,1,88.5,1,Clients perdus / inactifs
13223,200,6,969.1200000000001,0,Clients VIP / fidèles
13224,60,2,2152.95,0,Clients VIP / fidèles
13225,3,16,16260.07,3,Clients VIP / fidèles
13226,273,2,312.46,2,Clients perdus / inactifs
13227,202,1,257.7,2,Clients perdus / inactifs
13228,81,1,358.0,2,Clients perdus / inactifs
13229,226,1,160.95,2,Clients perdus / inactifs
13230,4,30,6109.51,3,Clients VIP / fidèles
13232,13,7,1327.75,0,Clients VIP / fidèles
13233,74,4,1176.46,0,Clients VIP / fidèles
13234,673,2,346.5,1,Clients perdus / inactifs
13235,212,1,1031.07,2,Clients perdus / inactifs
13236,25,2,744.85,2,Clients perdus / inactifs
13237,388,1,643.0,1,Clients perdus / inactifs
13238,17,6,1006.63,0,Clients VIP / fidèles
13239,262,5,1594.69,0,Clients VIP / fidèles
13240,96,8,1455.39,0,Clients VIP / fidèles
13241,412,1,112.53,1,Clients perdus / inactifs
13242,112,7,699.4,0,Clients VIP / fidèles
13243,203,5,1220.38,0,Clients VIP / fidèles
13244,93,1,121.74000000000001,2,Clients perdus / inactifs
13245,51,2,989.22,2,Clients perdus / inactifs
13246,18,11,3351.75,3,Clients VIP / fidèles
13247,18,4,501.12,2,Clients perdus / inactifs
13248,125,2,465.68,2,Clients perdus / inactifs
13249,92,9,1608.93,0,Clients VIP / fidèles
13250,461,2,253.09,1,Clients perdus / inactifs
13251,402,1,252.68,1,Clients perdus / inactifs
13252,394,2,399.3,1,Clients perdus / inactifs
13253,157,4,2951.11,0,Clients VIP / fidèles
13254,376,1,51.410000000000004,1,Clients perdus / inactifs
13255,9,3,678.76,2,Clients perdus / inactifs
13257,436,1,149.75,1,Clients perdus / inactifs
13258,12,5,1009.43,0,Clients VIP / fidèles
13259,62,9,1398.79,0,Clients VIP / fidèles
13260,61,1,557.62,2,Clients perdus / inactifs
13261,269,2,944.1,2,Clients perdus / inactifs
13262,263,3,573.45,2,Clients perdus / inactifs
13263,1,38,8650.98,3,Clients VIP / fidèles
13264,443,1,722.5600000000001,1,Clients perdus / inactifs
13265,53,5,2092.66,0,Clients VIP / fidèles
13266,11,19,6135.04,3,Clients VIP / fidèles
13267,3,36,9429.81,3,Clients VIP / fidèles
13268,18,10,3152.71,3,Clients VIP / fidèles
13269,1,28,8537.32,3,Clients VIP / fidèles
13270,366,1,590.0,1,Clients perdus / inactifs
13271,37,1,211.49,2,Clients perdus / inactifs
13272,31,2,276.56,2,Clients perdus / inactifs
13273,113,1,138.98,2,Clients perdus / inactifs
13274,409,1,360.85,1,Clients perdus / inactifs
13275,384,2,238.86,1,Clients perdus / inactifs
13276,64,5,1891.91,0,Clients VIP / fidèles
13277,16,7,523.3,0,Clients VIP / fidèles
13278,41,4,1425.35,0,Clients VIP / fidèles
13279,78,1,137.75,2,Clients perdus / inactifs
13280,122,7,2293.33,0,Clients VIP / fidèles
13281,439,1,350.85,1,Clients perdus / inactifs
13282,18,4,1313.19,0,Clients VIP / fidèles
13283,60,4,373.36,2,Clients perdus / inactifs
13284,331,1,201.19,1,Clients perdus / inactifs
13285,23,6,3364.59,0,Clients VIP / fidèles
13286,600,1,734.91,1,Clients perdus / inactifs
13287,603,3,781.59,1,Clients perdus / inactifs
13288,443,5,927.61,1,Clients perdus / inactifs
13289,724,1,307.95,1,Clients perdus / inactifs
13291,156,11,3270.79,3,Clients VIP / fidèles
13292,39,5,994.51,0,Clients VIP / fidèles
13293,392,6,1192.94,0,Clients VIP / fidèles
13294,190,3,1689.53,0,Clients VIP / fidèles
13295,360,4,1101.97,0,Clients VIP / fidèles
13296,137,6,792.51,0,Clients VIP / fidèles
13297,8,7,4368.62,0,Clients VIP / fidèles
13298,1,1,360.0,2,Clients perdus / inactifs
13299,268,3,1218.7,0,Clients VIP / fidèles
13300,169,3,1285.51,0,Clients VIP / fidèles
13301,104,4,600.19,0,Clients VIP / fidèles
13302,155,2,159.2,2,Clients perdus / inactifs
13303,400,1,61.72,1,Clients perdus / inactifs
13304,351,4,1217.99,0,Clients VIP / fidèles
13305,4,16,3616.41,3,Clients VIP / fidèles
13306,430,1,53.65,1,Clients perdus / inactifs
13307,120,3,273.34,2,Clients perdus / inactifs
13308,23,4,1670.3700000000001,0,Clients VIP / fidèles
13309,7,6,1706.3700000000001,0,Clients VIP / fidèles
13310,28,5,1541.2,0,Clients VIP / fidèles
13311,4,2,598.57,2,Clients perdus / inactifs
13312,451,1,124.75,1,Clients perdus / inactifs
13313,22,12,3445.32,3,Clients VIP / fidèles
13314,2,3,775.94,0,Clients VIP / fidèles
13315,689,1,310.26,1,Clients perdus / inactifs
13316,37,10,12940.82,3,Clients VIP / fidèles
13317,66,19,6486.09,3,Clients VIP / fidèles
13318,1,3,640.76,2,Clients perdus / inactifs
13319,5,58,21323.22,3,Clients VIP / fidèles
13320,78,6,2211.6,0,Clients VIP / fidèles
13321,72,2,567.36,2,Clients perdus / inactifs
13322,17,1,199.48000000000002,2,Clients perdus / inactifs
13323,3,5,787.85,0,Clients VIP / fidèles
13324,36,18,10513.47,3,Clients VIP / fidèles
13325,82,1,675.3,2,Clients perdus / inactifs
13326,432,1,281.76,1,Clients perdus / inactifs
13327,39,19,9052.87,3,Clients VIP / fidèles
13328,316,1,1308.48,1,Clients perdus / inactifs
13329,32,8,4808.77,3,Clients VIP / fidèles
13330,93,6,2796.1,0,Clients VIP / fidèles
13331,402,1,262.4,1,Clients perdus / inactifs
13332,14,1,350.9,2,Clients perdus / inactifs
13333,411,3,1015.74,1,Clients perdus / inactifs
13334,82,5,6201.8,0,Clients VIP / fidèles
13336,77,1,795.12,2,Clients perdus / inactifs
13337,546,1,1575.26,1,Clients perdus / inactifs
13338,158,4,2445.62,0,Clients VIP / fidèles
13339,201,1,860.12,2,Clients perdus / inactifs
13340,45,12,22100.56,3,Clients VIP / fidèles
13341,261,1,775.85,2,Clients perdus / inactifs
13343,178,1,353.43,2,Clients perdus / inactifs
13344,68,3,2511.69,0,Clients VIP / fidèles
13345,288,1,389.5,2,Clients perdus / inactifs
13346,463,6,299.4,1,Clients perdus / inactifs
13347,70,1,341.36,2,Clients perdus / inactifs
13348,64,1,233.76,2,Clients perdus / inactifs
13349,11,1,247.32,2,Clients perdus / inactifs
13350,16,2,979.12,2,Clients perdus / inactifs
13351,66,1,373.94,2,Clients perdus / inactifs
13352,60,1,397.97999999999996,2,Clients perdus / inactifs
13354,71,1,743.53,2,Clients perdus / inactifs
13355,122,1,674.7,2,Clients perdus / inactifs
13356,80,1,768.24,2,Clients perdus / inactifs
13357,257,5,3795.0099999999998,0,Clients VIP / fidèles
13358,269,1,439.03,2,Clients perdus / inactifs
13359,64,2,1043.31,2,Clients perdus / inactifs
13360,432,4,1553.65,1,Clients perdus / inactifs
13361,472,2,1450.5,1,Clients perdus / inactifs
13362,9,7,5394.07,0,Clients VIP / fidèles
13363,18,3,1723.86,0,Clients VIP / fidèles
13364,71,1,134.95999999999998,2,Clients perdus / inactifs
13365,34,2,2225.37,0,Clients VIP / fidèles
13366,50,1,56.160000000000004,2,Clients perdus / inactifs
13367,432,1,510.20000000000005,1,Clients perdus / inactifs
13368,257,4,1121.5,0,Clients VIP / fidèles
13369,366,1,308.28000000000003,1,Clients perdus / inactifs
13370,372,1,754.87,1,Clients perdus / inactifs
13371,505,2,2297.66,1,Clients perdus / inactifs
13372,90,1,378.64,2,Clients perdus / inactifs
13373,61,6,7587.1900000000005,0,Clients VIP / fidèles
13374,415,2,422.8,1,Clients perdus / inactifs
13375,89,2,1792.23,0,Clients VIP / fidèles
13376,99,3,1019.76,0,Clients VIP / fidèles
13377,397,2,1552.88,1,Clients perdus / inactifs
13379,26,3,572.56,2,Clients perdus / inactifs
13380,433,1,62.4,1,Clients perdus / inactifs
13381,32,12,8224.37,3,Clients VIP / fidèles
13382,281,5,1387.58,0,Clients VIP / fidèles
13383,544,1,305.28000000000003,1,Clients perdus / inactifs
13384,31,11,6680.83,3,Clients VIP / fidèles
13385,330,1,534.57,1,Clients perdus / inactifs
13386,414,2,835.46,1,Clients perdus / inactifs
13387,417,1,181.84,1,Clients perdus / inactifs
13388,131,3,1185.65,0,Clients VIP / fidèles
13389,11,3,797.96,0,Clients VIP / fidèles
13390,75,1,544.08,2,Clients perdus / inactifs
13391,204,1,59.8,2,Clients perdus / inactifs
13392,677,1,91.14,1,Clients perdus / inactifs
13393,584,4,1131.45,1,Clients perdus / inactifs
13394,2,19,6621.7,3,Clients VIP / fidèles
13395,185,3,1180.23,0,Clients VIP / fidèles
13396,29,2,1360.99,0,Clients VIP / fidèles
13397,73,10,3191.87,3,Clients VIP / fidèles
13398,192,2,670.34,2,Clients perdus / inactifs
13399,464,3,275.4,1,Clients perdus / inactifs
13400,583,1,310.83,1,Clients perdus / inactifs
13402,127,4,1226.8500000000001,0,Clients VIP / fidèles
13403,18,3,229.5,2,Clients perdus / inactifs
13404,1,2,252.49,2,Clients perdus / inactifs
13405,204,5,1198.81,0,Clients VIP / fidèles
13406,427,2,568.92,1,Clients perdus / inactifs
13407,579,3,2244.7,1,Clients perdus / inactifs
13408,2,106,50174.78,3,Clients VIP / fidèles
13410,24,9,2201.96,0,Clients VIP / fidèles
13411,107,1,213.55,2,Clients perdus / inactifs
13412,620,1,487.34999999999997,1,Clients perdus / inactifs
13413,640,6,429.44,1,Clients perdus / inactifs
13414,134,6,2494.14,0,Clients VIP / fidèles
13415,473,4,784.17,1,Clients perdus / inactifs
13416,44,3,940.8000000000001,0,Clients VIP / fidèles
13417,5,6,1669.49,0,Clients VIP / fidèles
13418,12,31,11559.66,3,Clients VIP / fidèles
13419,64,1,221.06,2,Clients perdus / inactifs
13420,150,2,159.85,2,Clients perdus / inactifs
13421,40,8,4048.25,0,Clients VIP / fidèles
13422,64,1,2626.3,0,Clients VIP / fidèles
13423,429,1,217.03,1,Clients perdus / inactifs
13424,450,1,572.77,1,Clients perdus / inactifs
13425,108,5,3390.4300000000003,0,Clients VIP / fidèles
13426,1,22,8167.38,3,Clients VIP / fidèles
13427,19,6,1006.53,0,Clients VIP / fidèles
13428,10,3,478.54,2,Clients perdus / inactifs
13429,11,4,1006.8,0,Clients VIP / fidèles
13430,19,2,679.45,2,Clients perdus / inactifs
13431,67,8,3316.24,0,Clients VIP / fidèles
13432,571,2,436.55,1,Clients perdus / inactifs
13433,501,4,658.3199999999999,1,Clients perdus / inactifs
13434,74,5,1666.8600000000001,0,Clients VIP / fidèles
13435,5,9,4447.33,3,Clients VIP / fidèles
13436,2,1,196.89,2,Clients perdus / inactifs
13437,14,7,3408.06,0,Clients VIP / fidèles
13438,547,1,46.5,1,Clients perdus / inactifs
13439,255,3,986.61,0,Clients VIP / fidèles
13440,423,7,1295.25,0,Clients VIP / fidèles
13441,92,2,720.9,2,Clients perdus / inactifs
13442,667,3,419.87,1,Clients perdus / inactifs
13443,449,6,1269.3700000000001,1,Clients perdus / inactifs
13444,374,2,619.08,1,Clients perdus / inactifs
13445,626,1,241.89999999999998,1,Clients perdus / inactifs
13446,430,11,3881.89,0,Clients VIP / fidèles
13447,23,3,1129.14,0,Clients VIP / fidèles
13448,17,12,8386.22,3,Clients VIP / fidèles
13449,24,1,291.88,2,Clients perdus / inactifs
13450,27,13,4120.04,3,Clients VIP / fidèles
13451,26,11,7088.92,3,Clients VIP / fidèles
13452,259,3,729.8,2,Clients perdus / inactifs
13453,166,3,781.6899999999999,0,Clients VIP / fidèles
13454,641,1,219.87,1,Clients perdus / inactifs
13455,25,6,2212.9900000000002,0,Clients VIP / fidèles
13456,18,6,1766.72,0,Clients VIP / fidèles
13457,689,2,148.22,1,Clients perdus / inactifs
13458,7,16,11959.27,3,Clients VIP / fidèles
13459,625,2,1160.4099999999999,1,Clients perdus / inactifs
13460,29,2,183.44,2,Clients perdus / inactifs
13461,39,6,4160.0,0,Clients VIP / fidèles
13462,253,5,1153.85,0,Clients VIP / fidèles
13464,58,6,3097.64,0,Clients VIP / fidèles
13465,446,2,931.12,1,Clients perdus / inactifs
13466,184,5,1013.35,0,Clients VIP / fidèles
13467,11,2,1071.91,2,Clients perdus / inactifs
13468,2,72,12793.28,3,Clients VIP / fidèles
13469,653,1,82.4,1,Clients perdus / inactifs
13470,99,2,165.0,2,Clients perdus / inactifs
13471,1,4,2501.84,0,Clients VIP / fidèles
13472,464,2,592.24,1,Clients perdus / inactifs
13473,61,8,2657.7599999999998,0,Clients VIP / fidèles
13474,236,3,646.59,2,Clients perdus / inactifs
13475,191,4,1431.78,0,Clients VIP / fidèles
13476,179,5,2061.4700000000003,0,Clients VIP / fidèles
13477,38,11,2819.17,3,Clients VIP / fidèles
13478,469,5,2215.78,1,Clients perdus / inactifs
13479,201,4,851.37,0,Clients VIP / fidèles
13480,417,2,627.82,1,Clients perdus / inactifs
13481,46,11,3830.84,3,Clients VIP / fidèles
13482,232,2,336.09,2,Clients perdus / inactifs
13483,66,1,140.34,2,Clients perdus / inactifs
13484,241,3,790.72,0,Clients VIP / fidèles
13485,233,11,3015.2200000000003,0,Clients VIP / fidèles
13486,78,3,1122.41,0,Clients VIP / fidèles
13487,58,5,846.87,0,Clients VIP / fidèles
13488,17,23,14205.96,3,Clients VIP / fidèles
13489,105,4,449.52,2,Clients perdus / inactifs
13490,654,1,154.25,1,Clients perdus / inactifs
13491,52,27,4467.66,3,Clients VIP / fidèles
13492,136,3,1269.84,0,Clients VIP / fidèles
13493,275,2,498.63,2,Clients perdus / inactifs
13494,312,1,316.26000000000005,1,Clients perdus / inactifs
13495,8,10,4863.31,3,Clients VIP / fidèles
13496,11,2,653.33,2,Clients perdus / inactifs
13497,283,6,1166.83,0,Clients VIP / fidèles
13498,730,1,327.38,1,Clients perdus / inactifs
13499,18,5,1159.11,0,Clients VIP / fidèles
13500,23,4,1466.3,0,Clients VIP / fidèles
13501,288,3,2885.11,0,Clients VIP / fidèles
13502,17,5,780.5,0,Clients VIP / fidèles
13503,71,5,1778.04,0,Clients VIP / fidèles
13504,64,1,295.93,2,Clients perdus / inactifs
13505,73,4,3633.63,0,Clients VIP / fidèles
13506,316,5,1338.08,0,Clients VIP / fidèles
13507,3,4,2479.16,0,Clients VIP / fidèles
13508,244,2,287.05,2,Clients perdus / inactifs
13509,9,7,1099.72,0,Clients VIP / fidèles
13510,1,11,4558.29,3,Clients VIP / fidèles
13511,677,1,282.76,1,Clients perdus / inactifs
13512,261,4,713.39,0,Clients VIP / fidèles
13513,127,3,824.59,0,Clients VIP / fidèles
13514,74,4,815.9000000000001,0,Clients VIP / fidèles
13515,73,6,1265.82,0,Clients VIP / fidèles
13516,21,4,1685.26,0,Clients VIP / fidèles
13517,60,3,2128.42,0,Clients VIP / fidèles
13518,86,1,627.16,2,Clients perdus / inactifs
13519,78,2,343.21,2,Clients perdus / inactifs
13520,59,11,5446.0,3,Clients VIP / fidèles
13521,1,3,1070.47,0,Clients VIP / fidèles
13522,30,1,125.80000000000001,2,Clients perdus / inactifs
13523,33,6,4534.57,0,Clients VIP / fidèles
13524,41,5,680.1800000000001,0,Clients VIP / fidèles
13525,15,2,628.78,2,Clients perdus / inactifs
13526,738,2,1182.0,1,Clients perdus / inactifs
13527,34,12,4541.29,3,Clients VIP / fidèles
13529,79,2,307.76,2,Clients perdus / inactifs
13530,634,1,402.97999999999996,1,Clients perdus / inactifs
13531,205,6,1433.07,0,Clients VIP / fidèles
13532,34,1,210.31,2,Clients perdus / inactifs
13533,183,3,269.09,2,Clients perdus / inactifs
13534,2,35,7720.9,3,Clients VIP / fidèles
13535,403,1,89.5,1,Clients perdus / inactifs
13536,1,7,3444.39,0,Clients VIP / fidèles
13537,426,2,717.85,1,Clients perdus / inactifs
13538,43,12,3103.13,3,Clients VIP / fidèles
13539,86,7,1569.3600000000001,0,Clients VIP / fidèles
13540,467,3,632.39,1,Clients perdus / inactifs
13541,427,2,785.25,1,Clients perdus / inactifs
13542,377,17,3959.4900000000002,3,Clients VIP / fidèles
13543,634,2,1439.6100000000001,1,Clients perdus / inactifs
13544,40,6,790.2,0,Clients VIP / fidèles
13545,391,2,364.93,1,Clients perdus / inactifs
13546,12,5,1086.24,0,Clients VIP / fidèles
13547,408,1,164.53,1,Clients perdus / inactifs
13548,96,3,901.44,0,Clients VIP / fidèles
13549,26,8,1005.8,0,Clients VIP / fidèles
13550,383,1,342.55,1,Clients perdus / inactifs
13551,319,2,244.2,1,Clients perdus / inactifs
13552,66,22,6948.92,3,Clients VIP / fidèles
13553,675,1,499.6,1,Clients perdus / inactifs
13554,380,7,1629.35,0,Clients VIP / fidèles
13555,74,13,8891.84,3,Clients VIP / fidèles
13556,429,2,200.82,1,Clients perdus / inactifs
13557,28,13,3032.26,3,Clients VIP / fidèles
13558,6,4,594.52,0,Clients VIP / fidèles
13559,513,2,990.0,1,Clients perdus / inactifs
13560,7,1,171.42000000000002,2,Clients perdus / inactifs
13561,216,11,1803.4,0,Clients VIP / fidèles
13562,82,8,4838.18,0,Clients VIP / fidèles
13563,84,2,777.53,2,Clients perdus / inactifs
13564,354,36,15880.22,3,Clients VIP / fidèles
13565,19,3,414.8,2,Clients perdus / inactifs
13566,41,5,1684.75,0,Clients VIP / fidèles
13567,428,4,1079.29,1,Clients perdus / inactifs
13568,173,1,187.05,2,Clients perdus / inactifs
13569,17,4,725.04,0,Clients VIP / fidèles
13570,243,1,239.49,2,Clients perdus / inactifs
13571,13,26,4537.26,3,Clients VIP / fidèles
13572,206,1,1384.25,2,Clients perdus / inactifs
13573,50,6,903.07,0,Clients VIP / fidèles
13574,411,1,404.45,1,Clients perdus / inactifs
13575,23,5,732.0699999999999,0,Clients VIP / fidèles
13576,10,28,11202.59,3,Clients VIP / fidèles
13577,25,11,3484.28,3,Clients VIP / fidèles
13578,409,1,147.66,1,Clients perdus / inactifs
13579,15,5,1374.34,0,Clients VIP / fidèles
13580,406,1,107.75,1,Clients perdus / inactifs
13581,309,2,280.53000000000003,1,Clients perdus / inactifs
13582,390,2,241.68,1,Clients perdus / inactifs
13583,156,2,1445.03,0,Clients VIP / fidèles
13584,307,3,385.7,1,Clients perdus / inactifs
13585,531,3,684.54,1,Clients perdus / inactifs
13586,541,1,127.28,1,Clients perdus / inactifs
13587,64,4,1673.5,0,Clients VIP / fidèles
13588,16,9,2478.95,0,Clients VIP / fidèles
13589,15,6,1120.74,0,Clients VIP / fidèles
13590,11,18,6336.04,3,Clients VIP / fidèles
13591,65,7,2093.94,0,Clients VIP / fidèles
13592,36,4,247.95999999999998,2,Clients perdus / inactifs
13593,108,14,5493.29,3,Clients VIP / fidèles
13594,53,2,533.32,2,Clients perdus / inactifs
13595,517,3,784.48,1,Clients perdus / inactifs
13596,6,2,664.11,2,Clients perdus / inactifs
13597,400,2,396.71,1,Clients perdus / inactifs
13598,47,5,761.96,0,Clients VIP / fidèles
13599,1,33,9811.04,3,Clients VIP / fidèles
13600,312,2,518.42,1,Clients perdus / inactifs
13601,45,4,1159.99,0,Clients VIP / fidèles
13602,65,4,1025.17,0,Clients VIP / fidèles
13603,26,1,164.34,2,Clients perdus / inactifs
13604,659,1,717.62,1,Clients perdus / inactifs
13605,387,2,522.67,1,Clients perdus / inactifs
13606,29,3,276.75,2,Clients perdus / inactifs
13607,40,2,1075.81,2,Clients perdus / inactifs
13608,541,1,232.05,1,Clients perdus / inactifs
13609,593,1,167.35,1,Clients perdus / inactifs
13610,12,14,2102.46,3,Clients VIP / fidèles
13611,89,10,3297.9300000000003,3,Clients VIP / fidèles
13612,633,1,818.29,1,Clients perdus / inactifs
13613,453,5,1039.8500000000001,1,Clients perdus / inactifs
13614,24,6,2332.74,0,Clients VIP / fidèles
13615,319,8,6272.53,0,Clients VIP / fidèles
13616,568,2,283.85,1,Clients perdus / inactifs
13617,40,8,1278.75,0,Clients VIP / fidèles
13618,174,1,177.34,2,Clients perdus / inactifs
13619,545,2,223.44,1,Clients perdus / inactifs
13620,528,1,112.34,1,Clients perdus / inactifs
13621,117,1,213.85,2,Clients perdus / inactifs
13622,696,1,658.95,1,Clients perdus / inactifs
13623,31,10,2533.06,0,Clients VIP / fidèles
13624,388,1,462.08,1,Clients perdus / inactifs
13625,597,1,301.26,1,Clients perdus / inactifs
13626,253,2,707.04,2,Clients perdus / inactifs
13627,59,7,2245.9,0,Clients VIP / fidèles
13628,676,1,310.14,1,Clients perdus / inactifs
13629,23,19,13370.86,3,Clients VIP / fidèles
13630,5,7,2031.78,0,Clients VIP / fidèles
13631,100,11,3070.42,3,Clients VIP / fidèles
13632,25,8,3645.81,0,Clients VIP / fidèles
13634,33,15,4988.08,3,Clients VIP / fidèles
13635,68,4,2999.16,0,Clients VIP / fidèles
13636,37,5,949.12,0,Clients VIP / fidèles
13637,52,3,803.05,0,Clients VIP / fidèles
13638,16,1,122.64,2,Clients perdus / inactifs
13639,74,2,1346.27,0,Clients VIP / fidèles
13640,611,1,405.0,1,Clients perdus / inactifs
13641,641,4,942.37,1,Clients perdus / inactifs
13642,216,4,472.2,2,Clients perdus / inactifs
13643,31,10,2156.77,0,Clients VIP / fidèles
13644,16,4,2624.26,0,Clients VIP / fidèles
13645,120,1,252.1,2,Clients perdus / inactifs
13646,400,2,326.25,1,Clients perdus / inactifs
13647,10,8,3041.68,0,Clients VIP / fidèles
13648,400,8,1759.07,0,Clients VIP / fidèles
13649,257,6,1453.68,0,Clients VIP / fidèles
13650,17,10,3288.0,3,Clients VIP / fidèles
13651,40,2,211.85,2,Clients perdus / inactifs
13652,46,5,2262.05,0,Clients VIP / fidèles
13653,488,1,152.2,1,Clients perdus / inactifs
13654,43,11,6308.0,3,Clients VIP / fidèles
13655,114,6,2280.51,0,Clients VIP / fidèles
13656,165,4,1078.85,0,Clients VIP / fidèles
13657,11,2,382.14,2,Clients perdus / inactifs
13658,10,9,6025.5,3,Clients VIP / fidèles
13659,206,12,4884.68,3,Clients VIP / fidèles
13660,400,1,306.64,1,Clients perdus / inactifs
13661,603,1,325.24,1,Clients perdus / inactifs
13662,86,11,2233.61,0,Clients VIP / fidèles
13663,179,5,2047.51,0,Clients VIP / fidèles
13665,386,3,1711.6599999999999,1,Clients perdus / inactifs
13666,60,5,127.05,2,Clients perdus / inactifs
13667,149,1,299.05,2,Clients perdus / inactifs
13668,3,35,12948.48,3,Clients VIP / fidèles
13669,51,3,413.55,2,Clients perdus / inactifs
13670,75,1,349.7,2,Clients perdus / inactifs
13671,395,1,172.6,1,Clients perdus / inactifs
13672,301,3,419.92,1,Clients perdus / inactifs
13673,19,2,387.44,2,Clients perdus / inactifs
13674,433,1,240.68,1,Clients perdus / inactifs
13675,151,2,486.82000000000005,2,Clients perdus / inactifs
13676,539,2,243.9,1,Clients perdus / inactifs
13677,405,2,551.24,1,Clients perdus / inactifs
13678,152,1,232.6,2,Clients perdus / inactifs
13679,494,3,281.26,1,Clients perdus / inactifs
13680,1,12,11419.67,3,Clients VIP / fidèles
13681,18,4,827.83,0,Clients VIP / fidèles
13682,187,1,59.5,2,Clients perdus / inactifs
13683,458,1,258.6,1,Clients perdus / inactifs
13684,286,4,594.88,0,Clients VIP / fidèles
13685,3,7,3119.44,0,Clients VIP / fidèles
13686,183,3,409.04,2,Clients perdus / inactifs
13687,438,1,11880.84,0,Clients VIP / fidèles
13688,635,1,375.5,1,Clients perdus / inactifs
13689,63,2,1259.5,0,Clients VIP / fidèles
13690,59,1,172.25,2,Clients perdus / inactifs
13691,396,1,210.78,1,Clients perdus / inactifs
13692,25,5,3114.4,0,Clients VIP / fidèles
13693,374,9,2011.82,0,Clients VIP / fidèles
13694,4,143,195640.69,3,Clients VIP / fidèles
13695,31,16,2770.73,3,Clients VIP / fidèles
13696,422,3,2020.4,1,Clients perdus / inactifs
13697,39,1,151.29999999999998,2,Clients perdus / inactifs
13698,597,2,451.73,1,Clients perdus / inactifs
13699,155,2,764.15,2,Clients perdus / inactifs
13700,26,13,2596.9700000000003,3,Clients VIP / fidèles
13701,447,1,161.0,1,Clients perdus / inactifs
13702,446,1,135.18,1,Clients perdus / inactifs
13703,318,2,425.56,1,Clients perdus / inactifs
13704,5,9,2308.06,0,Clients VIP / fidèles
13705,8,7,1717.19,0,Clients VIP / fidèles
13706,303,2,631.17,1,Clients perdus / inactifs
13707,267,5,3365.86,0,Clients VIP / fidèles
13708,271,1,283.33,2,Clients perdus / inactifs
13709,4,18,7571.35,3,Clients VIP / fidèles
13710,32,3,509.52,2,Clients perdus / inactifs
13711,219,9,1792.26,0,Clients VIP / fidèles
13712,247,2,766.42,2,Clients perdus / inactifs
13713,408,3,740.76,1,Clients perdus / inactifs
13714,465,1,161.35,1,Clients perdus / inactifs
13715,281,17,8153.04,3,Clients VIP / fidèles
13716,269,1,138.28,2,Clients perdus / inactifs
13717,32,8,1763.3,0,Clients VIP / fidèles
13718,246,2,306.55,2,Clients perdus / inactifs
13719,15,11,2782.1,3,Clients VIP / fidèles
13720,117,4,799.9,0,Clients VIP / fidèles
13721,36,2,741.54,2,Clients perdus / inactifs
13722,132,10,5635.41,3,Clients VIP / fidèles
13723,217,6,1194.08,0,Clients VIP / fidèles
13724,637,1,213.01,1,Clients perdus / inactifs
13725,50,8,1980.56,0,Clients VIP / fidèles
13726,39,2,1079.6599999999999,2,Clients perdus / inactifs
13727,29,8,1074.15,0,Clients VIP / fidèles
13728,37,16,2855.17,3,Clients VIP / fidèles
13729,436,3,724.73,1,Clients perdus / inactifs
13730,136,2,752.6,2,Clients perdus / inactifs
13731,219,2,610.59,2,Clients perdus / inactifs
13732,28,1,491.86,2,Clients perdus / inactifs
13733,411,2,487.03000000000003,1,Clients perdus / inactifs
13734,509,4,6695.6900000000005,0,Clients VIP / fidèles
13735,25,13,9762.77,3,Clients VIP / fidèles
13736,5,7,2752.47,0,Clients VIP / fidèles
13737,200,1,339.59999999999997,2,Clients perdus / inactifs
13738,396,1,434.78000000000003,1,Clients perdus / inactifs
13739,18,2,292.2,2,Clients perdus / inactifs
13740,241,5,1582.77,0,Clients VIP / fidèles
13741,72,3,668.4300000000001,2,Clients perdus / inactifs
13742,17,12,3107.87,3,Clients VIP / fidèles
13743,3,7,1341.6,0,Clients VIP / fidèles
13744,95,2,1080.52,2,Clients perdus / inactifs
13745,162,2,777.36,2,Clients perdus / inactifs
13746,414,1,176.69,1,Clients perdus / inactifs
13747,374,2,169.79999999999998,1,Clients perdus / inactifs
13748,96,9,2064.35,0,Clients VIP / fidèles
13750,54,11,3602.1800000000003,3,Clients VIP / fidèles
13751,288,1,296.25,2,Clients perdus / inactifs
13752,124,7,1579.8300000000002,0,Clients VIP / fidèles
13753,288,4,2094.57,0,Clients VIP / fidèles
13754,152,3,447.05,2,Clients perdus / inactifs
13755,4,9,2108.06,0,Clients VIP / fidèles
13756,2,23,8655.95,3,Clients VIP / fidèles
13757,675,1,195.55,1,Clients perdus / inactifs
13758,12,14,8595.29,3,Clients VIP / fidèles
13759,33,2,659.4100000000001,2,Clients perdus / inactifs
13760,54,5,1363.6399999999999,0,Clients VIP / fidèles
13761,50,6,1952.17,0,Clients VIP / fidèles
13762,219,5,2472.48,0,Clients VIP / fidèles
13763,63,3,5217.4400000000005,0,Clients VIP / fidèles
13764,71,6,2908.67,0,Clients VIP / fidèles
13765,653,1,352.82,1,Clients perdus / inactifs
13766,495,1,190.35,1,Clients perdus / inactifs
13767,2,73,33903.57,3,Clients VIP / fidèles
13768,727,2,875.97,1,Clients perdus / inactifs
13769,2,20,5478.12,3,Clients VIP / fidèles
13770,422,4,785.37,1,Clients perdus / inactifs
13771,64,9,5728.82,3,Clients VIP / fidèles
13772,34,8,3100.02,0,Clients VIP / fidèles
13773,397,2,301.54,1,Clients perdus / inactifs
13774,82,1,345.0,2,Clients perdus / inactifs
13775,591,1,1049.66,1,Clients perdus / inactifs
13777,1,61,49638.26,3,Clients VIP / fidèles
13778,103,4,1124.49,0,Clients VIP / fidèles
13779,516,1,161.13,1,Clients perdus / inactifs
13780,7,3,732.07,0,Clients VIP / fidèles
13781,251,3,778.83,0,Clients VIP / fidèles
13782,13,13,1786.08,3,Clients VIP / fidèles
13783,488,4,1542.09,1,Clients perdus / inactifs
13784,10,14,2910.23,3,Clients VIP / fidèles
13785,429,4,542.49,1,Clients perdus / inactifs
13786,367,6,3127.99,0,Clients VIP / fidèles
13787,76,6,1222.5,0,Clients VIP / fidèles
13788,505,1,3.75,1,Clients perdus / inactifs
13789,388,1,239.45999999999998,1,Clients perdus / inactifs
13790,4,1,348.8,2,Clients perdus / inactifs
13791,128,2,1516.0,0,Clients VIP / fidèles
13792,66,3,383.95,2,Clients perdus / inactifs
13793,647,1,96.0,1,Clients perdus / inactifs
13794,547,1,126.03,1,Clients perdus / inactifs
13795,388,4,836.3,1,Clients perdus / inactifs
13796,499,1,289.7,1,Clients perdus / inactifs
13797,437,3,1179.45,1,Clients perdus / inactifs
13798,1,110,75428.87,3,Clients VIP / fidèles
13799,117,9,2803.57,0,Clients VIP / fidèles
13800,310,3,1679.56,0,Clients VIP / fidèles
13801,67,1,324.8,2,Clients perdus / inactifs
13802,139,19,26259.11,3,Clients VIP / fidèles
13803,255,3,1338.91,0,Clients VIP / fidèles
13804,31,9,3161.12,0,Clients VIP / fidèles
13805,52,2,924.6,2,Clients perdus / inactifs
13806,64,1,256.38,2,Clients perdus / inactifs
13807,367,3,422.2,1,Clients perdus / inactifs
13808,6,5,1747.66,0,Clients VIP / fidèles
13809,305,3,679.7,1,Clients perdus / inactifs
13810,29,2,827.51,2,Clients perdus / inactifs
13811,184,2,519.75,2,Clients perdus / inactifs
13812,42,3,485.0,2,Clients perdus / inactifs
13813,40,8,2387.4700000000003,0,Clients VIP / fidèles
13814,92,3,2257.32,0,Clients VIP / fidèles
13815,22,8,6737.74,3,Clients VIP / fidèles
13816,24,2,499.67,2,Clients perdus / inactifs
13817,29,2,328.98,2,Clients perdus / inactifs
13818,430,1,61.28,1,Clients perdus / inactifs
13819,302,6,2642.35,0,Clients VIP / fidèles
13820,418,3,652.75,1,Clients perdus / inactifs
13821,145,6,1379.08,0,Clients VIP / fidèles
13822,6,2,632.0,2,Clients perdus / inactifs
13823,19,7,3403.4500000000003,0,Clients VIP / fidèles
13824,33,12,3314.76,3,Clients VIP / fidèles
13825,622,2,255.59,1,Clients perdus / inactifs
13826,176,1,189.5,2,Clients perdus / inactifs
13827,58,3,409.8,2,Clients perdus / inactifs
13828,22,1,209.49,2,Clients perdus / inactifs
13829,421,1,102.0,1,Clients perdus / inactifs
13830,582,1,156.85000000000002,1,Clients perdus / inactifs
13831,16,18,6585.54,3,Clients VIP / fidèles
13832,19,2,609.89,2,Clients perdus / inactifs
13833,159,2,700.41,2,Clients perdus / inactifs
13834,577,2,324.19,1,Clients perdus / inactifs
13835,25,7,1095.27,0,Clients VIP / fidèles
13836,399,2,620.37,1,Clients perdus / inactifs
13837,212,2,266.59000000000003,2,Clients perdus / inactifs
13838,6,10,1690.07,0,Clients VIP / fidèles
13839,486,1,139.95000000000002,1,Clients perdus / inactifs
13840,416,1,651.4,1,Clients perdus / inactifs
13841,253,1,85.0,2,Clients perdus / inactifs
13842,59,18,5319.34,3,Clients VIP / fidèles
13843,381,1,319.75,1,Clients perdus / inactifs
13844,11,1,361.62,2,Clients perdus / inactifs
13845,65,1,312.98,2,Clients perdus / inactifs
13846,25,4,1307.79,0,Clients VIP / fidèles
13847,720,1,310.72,1,Clients perdus / inactifs
13848,92,8,3015.0,0,Clients VIP / fidèles
13849,52,5,3469.3,0,Clients VIP / fidèles
13850,129,1,1595.48,2,Clients perdus / inactifs
13851,96,8,4606.46,0,Clients VIP / fidèles
13852,611,1,187.35000000000002,1,Clients perdus / inactifs
13853,57,1,1090.14,2,Clients perdus / inactifs
13854,9,39,11944.56,3,Clients VIP / fidèles
13855,501,4,1310.3400000000001,1,Clients perdus / inactifs
13856,169,11,1142.03,0,Clients VIP / fidèles
13857,393,6,1000.91,0,Clients VIP / fidèles
13858,57,1,216.17,2,Clients perdus / inactifs
13859,326,2,515.86,1,Clients perdus / inactifs
13860,1,5,1245.9,0,Clients VIP / fidèles
13861,429,2,273.26,1,Clients perdus / inactifs
13862,18,9,2556.09,0,Clients VIP / fidèles
13863,248,4,1239.55,0,Clients VIP / fidèles
13864,387,1,662.4000000000001,1,Clients perdus / inactifs
13865,58,4,501.56,2,Clients perdus / inactifs
13866,74,1,145.67000000000002,2,Clients perdus / inactifs
13867,31,3,1005.09,0,Clients VIP / fidèles
13868,7,2,3192.54,0,Clients VIP / fidèles
13869,123,10,7996.87,3,Clients VIP / fidèles
13870,2,15,5712.08,3,Clients VIP / fidèles
13871,23,17,7885.85,3,Clients VIP / fidèles
13872,527,3,919.57,1,Clients perdus / inactifs
13873,120,8,1038.92,0,Clients VIP / fidèles
13874,358,7,2049.15,0,Clients VIP / fidèles
13875,54,14,4814.37,3,Clients VIP / fidèles
13876,64,1,122.7,2,Clients perdus / inactifs
13877,86,3,449.68,2,Clients perdus / inactifs
13878,55,4,2416.9,0,Clients VIP / fidèles
13879,646,1,395.5,1,Clients perdus / inactifs
13880,21,17,4293.86,3,Clients VIP / fidèles
13881,4,43,45179.1,3,Clients VIP / fidèles
13882,3,5,1191.13,0,Clients VIP / fidèles
13883,11,14,6535.37,3,Clients VIP / fidèles
13884,7,10,1825.03,0,Clients VIP / fidèles
13885,189,2,506.8,2,Clients perdus / inactifs
13886,71,1,243.56,2,Clients perdus / inactifs
13887,204,1,349.55,2,Clients perdus / inactifs
13888,120,7,2001.59,0,Clients VIP / fidèles
13889,93,6,1991.23,0,Clients VIP / fidèles
13890,1,14,2927.38,3,Clients VIP / fidèles
13891,378,3,859.21,1,Clients perdus / inactifs
13892,27,6,1267.6499999999999,0,Clients VIP / fidèles
13893,298,1,821.1,1,Clients perdus / inactifs
13894,24,3,564.62,2,Clients perdus / inactifs
13895,28,6,4008.52,0,Clients VIP / fidèles
13896,626,1,388.55,1,Clients perdus / inactifs
13897,50,3,1160.72,0,Clients VIP / fidèles
13898,326,2,686.4,1,Clients perdus / inactifs
13899,16,2,388.52,2,Clients perdus / inactifs
13900,183,6,1610.59,0,Clients VIP / fidèles
13901,72,15,5676.34,3,Clients VIP / fidèles
13902,632,5,34023.26,3,Clients VIP / fidèles
13903,400,1,165.45000000000002,1,Clients perdus / inactifs
13904,37,2,332.64,2,Clients perdus / inactifs
13905,733,1,312.65,1,Clients perdus / inactifs
13906,409,1,42.0,1,Clients perdus / inactifs
13907,692,1,136.8,1,Clients perdus / inactifs
13908,80,4,2369.55,0,Clients VIP / fidèles
13909,423,2,282.85,1,Clients perdus / inactifs
13911,57,20,4234.99,3,Clients VIP / fidèles
13912,424,1,124.95,1,Clients perdus / inactifs
13913,507,1,42.22,1,Clients perdus / inactifs
13914,12,2,626.45,2,Clients perdus / inactifs
13915,394,1,70.80000000000001,1,Clients perdus / inactifs
13916,464,4,1275.81,1,Clients perdus / inactifs
13917,50,2,272.04,2,Clients perdus / inactifs
13918,50,2,1212.8400000000001,0,Clients VIP / fidèles
13919,59,4,1252.68,0,Clients VIP / fidèles
13920,432,4,1774.68,1,Clients perdus / inactifs
13921,402,4,730.7,1,Clients perdus / inactifs
13922,352,3,865.2,1,Clients perdus / inactifs
13923,54,1,351.13,2,Clients perdus / inactifs
13924,2,6,1838.8500000000001,0,Clients VIP / fidèles
13925,93,4,678.25,0,Clients VIP / fidèles
13926,23,1,223.85000000000002,2,Clients perdus / inactifs
13927,75,2,708.26,2,Clients perdus / inactifs
13928,11,4,464.57,2,Clients perdus / inactifs
13929,169,11,3494.1,3,Clients VIP / fidèles
13930,58,2,337.34,2,Clients perdus / inactifs
13931,96,11,5257.38,3,Clients VIP / fidèles
13932,295,1,307.4,2,Clients perdus / inactifs
13933,109,2,608.7900000000001,2,Clients perdus / inactifs
13934,264,1,922.1,2,Clients perdus / inactifs
13935,597,3,6116.92,1,Clients perdus / inactifs
13936,180,3,939.66,0,Clients VIP / fidèles
13937,169,2,880.13,2,Clients perdus / inactifs
13938,35,1,71.66,2,Clients perdus / inactifs
13939,23,7,1560.96,0,Clients VIP / fidèles
13940,17,4,839.14,0,Clients VIP / fidèles
13941,22,15,10027.18,3,Clients VIP / fidèles
13942,535,1,320.0,1,Clients perdus / inactifs
13943,578,1,246.54,1,Clients perdus / inactifs
13944,653,1,200.43,1,Clients perdus / inactifs
13945,395,2,854.15,1,Clients perdus / inactifs
13946,79,6,1876.23,0,Clients VIP / fidèles
13947,65,1,90.6,2,Clients perdus / inactifs
13948,361,4,548.76,1,Clients perdus / inactifs
13949,3,6,2427.32,0,Clients VIP / fidèles
13950,11,4,745.06,0,Clients VIP / fidèles
13951,176,3,674.45,2,Clients perdus / inactifs
13952,218,14,12823.52,3,Clients VIP / fidèles
13953,7,12,6640.68,3,Clients VIP / fidèles
13954,2,2,439.92,2,Clients perdus / inactifs
13955,154,3,544.0699999999999,2,Clients perdus / inactifs
13956,5,5,1019.27,0,Clients VIP / fidèles
13957,418,3,458.25,1,Clients perdus / inactifs
13958,380,8,4709.2300000000005,0,Clients VIP / fidèles
13959,79,6,1064.77,0,Clients VIP / fidèles
13960,21,2,230.22,2,Clients perdus / inactifs
13961,392,1,538.4,1,Clients perdus / inactifs
13962,22,3,362.8,2,Clients perdus / inactifs
13963,308,17,2860.57,3,Clients VIP / fidèles
13964,387,2,438.9,1,Clients perdus / inactifs
13965,477,3,996.61,1,Clients perdus / inactifs
13966,435,1,384.26,1,Clients perdus / inactifs
13967,146,2,166.3,2,Clients perdus / inactifs
13968,423,1,123.66,1,Clients perdus / inactifs
13969,7,35,12973.460000000001,3,Clients VIP / fidèles
13970,386,2,846.55,1,Clients perdus / inactifs
13971,19,14,4667.57,3,Clients VIP / fidèles
13972,71,2,190.25,2,Clients perdus / inactifs
13973,287,1,264.7,2,Clients perdus / inactifs
13974,49,2,677.72,2,Clients perdus / inactifs
13975,31,12,5256.4,3,Clients VIP / fidèles
13976,207,4,1192.36,0,Clients VIP / fidèles
13977,411,1,519.8100000000001,1,Clients perdus / inactifs
13978,15,2,196.79000000000002,2,Clients perdus / inactifs
13979,73,7,3373.63,0,Clients VIP / fidèles
13980,60,5,768.82,0,Clients VIP / fidèles
13981,416,1,331.14,1,Clients perdus / inactifs
13982,39,9,3954.29,3,Clients VIP / fidèles
13983,30,21,6753.89,3,Clients VIP / fidèles
13984,27,12,1893.8,0,Clients VIP / fidèles
13985,4,22,10020.86,3,Clients VIP / fidèles
13986,17,1,320.46,2,Clients perdus / inactifs
13987,380,2,682.54,1,Clients perdus / inactifs
13988,20,8,4757.8,3,Clients VIP / fidèles
13989,66,5,2026.06,0,Clients VIP / fidèles
13990,213,1,311.3,2,Clients perdus / inactifs
13991,12,6,851.88,0,Clients VIP / fidèles
13992,30,3,219.5,2,Clients perdus / inactifs
13993,43,19,6775.71,3,Clients VIP / fidèles
13994,4,6,2274.14,0,Clients VIP / fidèles
13995,15,14,3902.01,3,Clients VIP / fidèles
13996,386,2,895.76,1,Clients perdus / inactifs
13997,519,3,376.46,1,Clients perdus / inactifs
13998,447,3,566.7,1,Clients perdus / inactifs
13999,10,29,9502.26,3,Clients VIP / fidèles
14000,211,5,2046.3400000000001,0,Clients VIP / fidèles
14001,46,9,4228.85,3,Clients VIP / fidèles
14002,134,2,529.73,2,Clients perdus / inactifs
14003,733,1,209.41,1,Clients perdus / inactifs
14004,43,11,6258.45,3,Clients VIP / fidèles
14005,10,5,2874.72,0,Clients VIP / fidèles
14006,116,7,2196.67,0,Clients VIP / fidèles
14007,513,1,79.48,1,Clients perdus / inactifs
14008,432,1,509.04,1,Clients perdus / inactifs
14009,198,3,1099.91,0,Clients VIP / fidèles
14010,565,2,445.15,1,Clients perdus / inactifs
14011,480,2,457.82,1,Clients perdus / inactifs
14012,278,1,328.8,2,Clients perdus / inactifs
14013,110,5,1084.57,0,Clients VIP / fidèles
14014,77,3,1948.21,0,Clients VIP / fidèles
14015,53,1,917.34,2,Clients perdus / inactifs
14016,162,11,11403.41,3,Clients VIP / fidèles
14017,571,1,229.75,1,Clients perdus / inactifs
14018,645,1,367.15000000000003,1,Clients perdus / inactifs
14019,47,3,1421.61,0,Clients VIP / fidèles
14020,17,4,1249.01,0,Clients VIP / fidèles
14021,155,7,1716.58,0,Clients VIP / fidèles
14022,225,2,792.15,2,Clients perdus / inactifs
14023,7,2,584.07,2,Clients perdus / inactifs
14024,122,3,645.74,2,Clients perdus / inactifs
14025,465,8,4057.9,0,Clients VIP / fidèles
14026,471,2,713.11,1,Clients perdus / inactifs
14027,61,1,104.82,2,Clients perdus / inactifs
14028,550,3,10396.5,1,Clients perdus / inactifs
14029,63,2,467.66,2,Clients perdus / inactifs
14030,18,20,7521.8,3,Clients VIP / fidèles
14031,7,44,39019.51,3,Clients VIP / fidèles
14032,2,16,4546.41,3,Clients VIP / fidèles
14033,555,1,109.44,1,Clients perdus / inactifs
14034,22,3,648.89,2,Clients perdus / inactifs
14035,29,9,2794.75,0,Clients VIP / fidèles
14036,285,1,626.65,2,Clients perdus / inactifs
14037,176,6,836.95,0,Clients VIP / fidèles
14038,78,5,3069.88,0,Clients VIP / fidèles
14039,33,2,267.28000000000003,2,Clients perdus / inactifs
14040,41,35,12523.81,3,Clients VIP / fidèles
14041,266,1,141.41,2,Clients perdus / inactifs
14042,725,1,431.98,1,Clients perdus / inactifs
14043,491,2,302.6,1,Clients perdus / inactifs
14044,27,10,3073.95,3,Clients VIP / fidèles
14045,109,16,10986.63,3,Clients VIP / fidèles
14046,284,1,151.59,2,Clients perdus / inactifs
14047,9,14,3968.11,3,Clients VIP / fidèles
14048,305,3,748.69,1,Clients perdus / inactifs
14049,17,13,13023.4,3,Clients VIP / fidèles
14050,32,2,746.36,2,Clients perdus / inactifs
14051,1,37,21770.98,3,Clients VIP / fidèles
14052,20,2,466.66,2,Clients perdus / inactifs
14053,124,4,572.3,0,Clients VIP / fidèles
14054,65,1,92.46,2,Clients perdus / inactifs
14055,106,3,1520.96,0,Clients VIP / fidèles
14056,1,23,8152.71,3,Clients VIP / fidèles
14057,24,22,8346.66,3,Clients VIP / fidèles
14058,463,2,469.19,1,Clients perdus / inactifs
14059,267,1,183.6,2,Clients perdus / inactifs
14060,5,30,8898.24,3,Clients VIP / fidèles
14061,507,3,917.4300000000001,1,Clients perdus / inactifs
14062,10,24,25585.65,3,Clients VIP / fidèles
14063,687,7,9471.5,1,Clients perdus / inactifs
14064,29,15,3260.24,3,Clients VIP / fidèles
14065,389,3,891.02,1,Clients perdus / inactifs
14066,267,1,152.55,2,Clients perdus / inactifs
14067,64,2,374.7,2,Clients perdus / inactifs
14068,320,4,1516.72,0,Clients VIP / fidèles
14069,515,2,225.81,1,Clients perdus / inactifs
14070,685,1,321.6,1,Clients perdus / inactifs
14071,4,8,1422.75,0,Clients VIP / fidèles
14072,667,1,390.85,1,Clients perdus / inactifs
14073,32,1,151.04,2,Clients perdus / inactifs
14074,623,1,219.39999999999998,1,Clients perdus / inactifs
14075,5,5,1724.87,0,Clients VIP / fidèles
14076,129,1,118.67,2,Clients perdus / inactifs
14077,41,6,615.0799999999999,0,Clients VIP / fidèles
14078,102,9,1551.82,0,Clients VIP / fidèles
14079,125,1,375.1,2,Clients perdus / inactifs
14080,33,5,1115.68,0,Clients VIP / fidèles
14081,302,10,4867.57,3,Clients VIP / fidèles
14082,365,2,413.36,1,Clients perdus / inactifs
14083,4,11,1082.19,0,Clients VIP / fidèles
14084,512,1,150.5,1,Clients perdus / inactifs
14085,2,32,9705.67,3,Clients VIP / fidèles
14086,463,1,39.95,1,Clients perdus / inactifs
14087,3,3,829.47,0,Clients VIP / fidèles
14088,10,16,64036.8,3,Clients VIP / fidèles
14089,57,1,158.75,2,Clients perdus / inactifs
14090,325,1,76.32000000000001,1,Clients perdus / inactifs
14091,654,2,9530.08,1,Clients perdus / inactifs
14092,8,24,7229.45,3,Clients VIP / fidèles
14093,12,1,433.86,2,Clients perdus / inactifs
14094,440,1,311.77,1,Clients perdus / inactifs
14095,723,1,2.95,1,Clients perdus / inactifs
14096,4,17,53258.43,3,Clients VIP / fidèles
14097,481,2,422.85999999999996,1,Clients perdus / inactifs
14098,37,1,147.35,2,Clients perdus / inactifs
14099,16,20,5750.91,3,Clients VIP / fidèles
14100,138,1,191.95000000000002,2,Clients perdus / inactifs
14101,74,13,9961.93,3,Clients VIP / fidèles
14102,5,5,1105.8799999999999,0,Clients VIP / fidèles
14104,155,5,740.53,0,Clients VIP / fidèles
14105,239,5,5988.83,0,Clients VIP / fidèles
14106,737,1,214.79999999999998,1,Clients perdus / inactifs
14107,52,11,4877.3,3,Clients VIP / fidèles
14108,31,4,1044.96,0,Clients VIP / fidèles
14109,73,1,144.2,2,Clients perdus / inactifs
14110,4,33,12987.95,3,Clients VIP / fidèles
14111,14,4,692.85,0,Clients VIP / fidèles
14112,23,13,5834.59,3,Clients VIP / fidèles
14113,4,16,7092.610000000001,3,Clients VIP / fidèles
14114,274,7,1364.09,0,Clients VIP / fidèles
14115,502,2,622.6700000000001,1,Clients perdus / inactifs
14116,20,5,1382.74,0,Clients VIP / fidèles
14117,144,1,90.0,2,Clients perdus / inactifs
14118,429,1,458.45,1,Clients perdus / inactifs
14119,376,2,183.37,1,Clients perdus / inactifs
14121,4,4,2780.15,0,Clients VIP / fidèles
14122,406,3,362.42,1,Clients perdus / inactifs
14123,733,1,436.18,1,Clients perdus / inactifs
14124,84,1,419.58000000000004,2,Clients perdus / inactifs
14125,11,3,2720.63,0,Clients VIP / fidèles
14126,8,4,1172.46,0,Clients VIP / fidèles
14127,123,6,1900.0800000000002,0,Clients VIP / fidèles
14128,61,3,924.21,0,Clients VIP / fidèles
14129,2,9,2591.34,0,Clients VIP / fidèles
14130,319,4,1858.77,0,Clients VIP / fidèles
14131,649,1,168.22,1,Clients perdus / inactifs
14132,2,11,3586.0299999999997,3,Clients VIP / fidèles
14133,130,4,911.14,0,Clients VIP / fidèles
14134,383,15,11123.35,3,Clients VIP / fidèles
14135,2,24,8839.67,3,Clients VIP / fidèles
14136,401,5,1570.81,0,Clients VIP / fidèles
14137,696,1,332.7,1,Clients perdus / inactifs
14138,2,2,965.8800000000001,2,Clients perdus / inactifs
14139,46,4,1086.8,0,Clients VIP / fidèles
14140,4,2,935.05,2,Clients perdus / inactifs
14141,3,4,915.13,0,Clients VIP / fidèles
14142,373,2,671.34,1,Clients perdus / inactifs
14143,134,1,115.8,2,Clients perdus / inactifs
14144,486,1,30.599999999999998,1,Clients perdus / inactifs
14145,47,7,7600.05,3,Clients VIP / fidèles
14146,9,12,9450.3,3,Clients VIP / fidèles
14147,78,9,2590.2,0,Clients VIP / fidèles
14148,234,2,466.29,2,Clients perdus / inactifs
14149,221,1,446.62,2,Clients perdus / inactifs
14150,36,2,658.64,2,Clients perdus / inactifs
14151,673,2,679.45,1,Clients perdus / inactifs
14152,75,7,1997.3400000000001,0,Clients VIP / fidèles
14153,483,1,233.4,1,Clients perdus / inactifs
14154,239,8,6460.7,3,Clients VIP / fidèles
14155,266,1,118.75,2,Clients perdus / inactifs
14156,10,145,304719.88,3,Clients VIP / fidèles
14157,20,5,978.69,0,Clients VIP / fidèles
14158,40,1,507.66,2,Clients perdus / inactifs
14159,20,20,7849.58,3,Clients VIP / fidèles
14160,610,7,8421.47,0,Clients VIP / fidèles
14161,216,7,2996.93,0,Clients VIP / fidèles
14162,174,2,289.36,2,Clients perdus / inactifs
14163,87,5,2594.62,0,Clients VIP / fidèles
14164,71,2,1631.77,0,Clients VIP / fidèles
14165,276,1,120.44,2,Clients perdus / inactifs
14166,505,2,251.15,1,Clients perdus / inactifs
14167,39,8,1274.29,0,Clients VIP / fidèles
14168,421,2,370.45,1,Clients perdus / inactifs
14169,431,2,613.11,1,Clients perdus / inactifs
14170,375,3,570.18,1,Clients perdus / inactifs
14171,98,2,498.79,2,Clients perdus / inactifs
14172,605,3,369.02,1,Clients perdus / inactifs
14173,11,6,586.0,0,Clients VIP / fidèles
14174,33,1,134.46,2,Clients perdus / inactifs
14175,60,8,7678.88,3,Clients VIP / fidèles
14176,297,5,756.46,0,Clients VIP / fidèles
14177,86,13,2209.69,3,Clients VIP / fidèles
14178,9,7,1580.26,0,Clients VIP / fidèles
14179,41,2,701.57,2,Clients perdus / inactifs
14180,11,33,6117.5,3,Clients VIP / fidèles
14181,411,2,308.35,1,Clients perdus / inactifs
14182,444,4,678.77,1,Clients perdus / inactifs
14183,411,2,278.34000000000003,1,Clients perdus / inactifs
14184,67,1,452.89,2,Clients perdus / inactifs
14185,331,1,197.65,1,Clients perdus / inactifs
14186,427,5,1550.63,1,Clients perdus / inactifs
14187,474,1,123.5,1,Clients perdus / inactifs
14188,31,6,2054.36,0,Clients VIP / fidèles
14189,2,16,5503.15,3,Clients VIP / fidèles
14190,666,1,79.9,1,Clients perdus / inactifs
14191,2,15,4817.66,3,Clients VIP / fidèles
14192,388,1,293.74,1,Clients perdus / inactifs
14193,68,3,1210.19,0,Clients VIP / fidèles
14194,5,36,18670.59,3,Clients VIP / fidèles
14195,202,6,2615.6,0,Clients VIP / fidèles
14196,107,1,335.52,2,Clients perdus / inactifs
14197,411,1,390.05,1,Clients perdus / inactifs
14198,18,9,1569.73,0,Clients VIP / fidèles
14199,218,4,1091.7,0,Clients VIP / fidèles
14200,617,1,379.2,1,Clients perdus / inactifs
14201,60,10,1193.54,0,Clients VIP / fidèles
14202,381,3,847.76,1,Clients perdus / inactifs
14203,397,1,339.34,1,Clients perdus / inactifs
14204,2,4,1024.83,0,Clients VIP / fidèles
14205,17,9,2414.2,0,Clients VIP / fidèles
14206,239,3,1185.01,0,Clients VIP / fidèles
14207,688,1,157.8,1,Clients perdus / inactifs
14208,95,2,567.05,2,Clients perdus / inactifs
14209,11,15,4993.27,3,Clients VIP / fidèles
14210,106,16,5556.570000000001,3,Clients VIP / fidèles
14211,53,18,4402.29,3,Clients VIP / fidèles
14212,90,2,2190.14,0,Clients VIP / fidèles
14213,405,1,1192.2,1,Clients perdus / inactifs
14214,31,5,1004.38,0,Clients VIP / fidèles
14215,12,9,3250.33,0,Clients VIP / fidèles
14216,3,5,2150.04,0,Clients VIP / fidèles
14217,2,23,3298.59,3,Clients VIP / fidèles
14218,43,1,169.48000000000002,2,Clients perdus / inactifs
14219,4,3,633.83,2,Clients perdus / inactifs
14220,247,4,1515.0,0,Clients VIP / fidèles
14221,42,17,6517.49,3,Clients VIP / fidèles
14222,177,1,683.17,2,Clients perdus / inactifs
14223,92,3,991.13,0,Clients VIP / fidèles
14224,110,9,1841.71,0,Clients VIP / fidèles
14225,435,4,2031.07,1,Clients perdus / inactifs
14226,29,6,2985.13,0,Clients VIP / fidèles
14227,26,15,6366.16,3,Clients VIP / fidèles
14228,438,3,745.5,1,Clients perdus / inactifs
14229,52,7,2594.04,0,Clients VIP / fidèles
14230,436,3,979.8000000000001,1,Clients perdus / inactifs
14231,184,4,1235.6200000000001,0,Clients VIP / fidèles
14232,43,5,2048.07,0,Clients VIP / fidèles
14233,49,7,2904.27,0,Clients VIP / fidèles
14234,22,4,754.12,0,Clients VIP / fidèles
14235,75,9,4717.99,3,Clients VIP / fidèles
14236,81,5,1555.34,0,Clients VIP / fidèles
14237,373,2,471.14,1,Clients perdus / inactifs
14238,326,3,434.23,1,Clients perdus / inactifs
14239,43,21,4263.17,3,Clients VIP / fidèles
14240,30,3,1247.49,0,Clients VIP / fidèles
14241,184,2,333.70000000000005,2,Clients perdus / inactifs
14242,235,2,280.55,2,Clients perdus / inactifs
14243,9,17,7217.75,3,Clients VIP / fidèles
14244,661,1,366.41999999999996,1,Clients perdus / inactifs
14245,220,2,1693.45,0,Clients VIP / fidèles
14246,111,3,1474.06,0,Clients VIP / fidèles
14247,278,5,753.56,0,Clients VIP / fidèles
14248,318,3,1032.95,0,Clients VIP / fidèles
14249,411,12,5400.46,3,Clients VIP / fidèles
14250,7,3,1904.05,0,Clients VIP / fidèles
14251,2,5,2879.7000000000003,0,Clients VIP / fidèles
14252,381,1,350.99,1,Clients perdus / inactifs
14253,493,2,363.40000000000003,1,Clients perdus / inactifs
14254,433,1,601.03,1,Clients perdus / inactifs
14256,260,5,2460.79,0,Clients VIP / fidèles
14257,64,9,5954.45,3,Clients VIP / fidèles
14258,9,25,32051.34,3,Clients VIP / fidèles
14259,142,1,120.0,2,Clients perdus / inactifs
14260,471,3,824.28,1,Clients perdus / inactifs
14261,51,2,1163.45,0,Clients VIP / fidèles
14262,8,8,2618.23,0,Clients VIP / fidèles
14263,423,1,322.93,1,Clients perdus / inactifs
14264,155,6,1517.3600000000001,0,Clients VIP / fidèles
14265,109,4,1373.35,0,Clients VIP / fidèles
14266,428,1,40.56,1,Clients perdus / inactifs
14267,163,3,1516.24,0,Clients VIP / fidèles
14268,471,1,354.85,1,Clients perdus / inactifs
14269,439,1,295.73,1,Clients perdus / inactifs
14270,332,1,492.65000000000003,1,Clients perdus / inactifs
14271,226,2,214.18,2,Clients perdus / inactifs
14272,74,4,920.81,0,Clients VIP / fidèles
14273,51,4,559.97,0,Clients VIP / fidèles
14274,686,1,256.6,1,Clients perdus / inactifs
14275,396,6,1189.3799999999999,0,Clients VIP / fidèles
14276,99,7,2102.68,0,Clients VIP / fidèles
14277,15,8,16789.16,3,Clients VIP / fidèles
14278,410,1,205.83,1,Clients perdus / inactifs
14279,521,2,191.86,1,Clients perdus / inactifs
14280,197,1,134.04,2,Clients perdus / inactifs
14281,408,1,245.15,1,Clients perdus / inactifs
14282,3,25,7250.76,3,Clients VIP / fidèles
14283,463,4,628.4399999999999,1,Clients perdus / inactifs
14284,31,3,1299.65,0,Clients VIP / fidèles
14285,21,8,3284.42,0,Clients VIP / fidèles
14286,24,7,8479.76,3,Clients VIP / fidèles
14287,8,3,176.63,2,Clients perdus / inactifs
14288,213,1,426.6,2,Clients perdus / inactifs
14289,9,6,911.26,0,Clients VIP / fidèles
14290,11,8,4516.56,3,Clients VIP / fidèles
14291,2,23,7904.1,3,Clients VIP / fidèles
14292,8,16,9226.25,3,Clients VIP / fidèles
14293,3,9,2903.01,0,Clients VIP / fidèles
14294,407,1,375.34,1,Clients perdus / inactifs
14295,40,4,2352.91,0,Clients VIP / fidèles
14296,421,2,456.40000000000003,1,Clients perdus / inactifs
14297,18,4,1305.33,0,Clients VIP / fidèles
14298,8,82,91194.49,3,Clients VIP / fidèles
14299,8,27,14070.25,3,Clients VIP / fidèles
14300,19,1,43.2,2,Clients perdus / inactifs
14301,117,4,1992.18,0,Clients VIP / fidèles
14302,431,3,742.9000000000001,1,Clients perdus / inactifs
14303,407,2,277.94,1,Clients perdus / inactifs
14304,223,3,1725.01,0,Clients VIP / fidèles
14305,71,3,1858.96,0,Clients VIP / fidèles
14306,51,6,3151.4,0,Clients VIP / fidèles
14307,89,10,4287.92,3,Clients VIP / fidèles
14309,8,11,3780.81,3,Clients VIP / fidèles
14310,433,1,492.1,1,Clients perdus / inactifs
14311,243,2,516.45,2,Clients perdus / inactifs
14312,47,11,3090.29,3,Clients VIP / fidèles
14314,107,2,229.8,2,Clients perdus / inactifs
14315,45,8,3197.82,0,Clients VIP / fidèles
14316,422,5,1370.34,1,Clients perdus / inactifs
14317,65,1,508.58000000000004,2,Clients perdus / inactifs
14318,460,1,158.02,1,Clients perdus / inactifs
14319,424,1,494.85,1,Clients perdus / inactifs
14320,207,5,1346.75,0,Clients VIP / fidèles
14321,11,7,2218.06,0,Clients VIP / fidèles
14322,429,4,474.1,1,Clients perdus / inactifs
14323,115,2,605.0600000000001,2,Clients perdus / inactifs
14324,410,2,701.61,1,Clients perdus / inactifs
14325,570,1,245.48000000000002,1,Clients perdus / inactifs
14326,242,3,940.98,0,Clients VIP / fidèles
14327,163,6,1894.93,0,Clients VIP / fidèles
14329,17,15,9887.62,3,Clients VIP / fidèles
14330,624,1,200.63,1,Clients perdus / inactifs
14331,124,2,462.65999999999997,2,Clients perdus / inactifs
14332,23,5,1917.41,0,Clients VIP / fidèles
14333,68,1,415.2,2,Clients perdus / inactifs
14334,17,12,4318.48,3,Clients VIP / fidèles
14335,16,2,454.86,2,Clients perdus / inactifs
14336,17,4,1614.91,0,Clients VIP / fidèles
14338,161,3,928.1,0,Clients VIP / fidèles
14339,243,2,620.27,2,Clients perdus / inactifs
14340,219,1,134.7,2,Clients perdus / inactifs
14341,45,18,4452.02,3,Clients VIP / fidèles
14342,21,6,918.44,0,Clients VIP / fidèles
14343,421,4,1079.66,1,Clients perdus / inactifs
14344,127,20,2993.05,3,Clients VIP / fidèles
14345,39,1,108.97999999999999,2,Clients perdus / inactifs
14346,121,5,2315.75,0,Clients VIP / fidèles
14347,737,1,82.6,1,Clients perdus / inactifs
14348,260,1,409.57,2,Clients perdus / inactifs
14349,10,1,133.5,2,Clients perdus / inactifs
14350,274,3,972.03,0,Clients VIP / fidèles
14351,165,1,51.0,2,Clients perdus / inactifs
14352,157,4,1078.96,0,Clients VIP / fidèles
14353,215,3,376.5,2,Clients perdus / inactifs
14354,6,2,163.62,2,Clients perdus / inactifs
14355,366,3,840.0500000000001,1,Clients perdus / inactifs
14356,80,2,701.23,2,Clients perdus / inactifs
14357,43,1,225.12,2,Clients perdus / inactifs
14358,389,2,400.06,1,Clients perdus / inactifs
14359,19,3,912.18,0,Clients VIP / fidèles
14360,32,4,2118.03,0,Clients VIP / fidèles
14361,579,1,214.70999999999998,1,Clients perdus / inactifs
14362,22,1,151.5,2,Clients perdus / inactifs
14363,402,2,227.47000000000003,1,Clients perdus / inactifs
14364,109,8,3717.35,0,Clients VIP / fidèles
14365,395,2,634.68,1,Clients perdus / inactifs
14366,525,1,136.0,1,Clients perdus / inactifs
14367,8,16,9227.82,3,Clients VIP / fidèles
14368,320,1,155.0,1,Clients perdus / inactifs
14369,642,2,469.13,1,Clients perdus / inactifs
14370,451,6,1175.78,1,Clients perdus / inactifs
14371,295,1,100.5,1,Clients perdus / inactifs
14372,443,2,860.08,1,Clients perdus / inactifs
14373,358,1,76.55,1,Clients perdus / inactifs
14374,541,1,108.0,1,Clients perdus / inactifs
14375,185,3,1106.82,0,Clients VIP / fidèles
14376,683,1,215.46,1,Clients perdus / inactifs
14377,191,2,617.05,2,Clients perdus / inactifs
14378,622,1,131.25,1,Clients perdus / inactifs
14379,44,4,1265.16,0,Clients VIP / fidèles
14381,52,2,625.9399999999999,2,Clients perdus / inactifs
14382,26,2,1193.6299999999999,0,Clients VIP / fidèles
14383,38,3,1247.69,0,Clients VIP / fidèles
14384,501,1,58.5,1,Clients perdus / inactifs
14385,9,3,202.11,2,Clients perdus / inactifs
14386,297,1,142.4,1,Clients perdus / inactifs
14387,33,3,1727.6,0,Clients VIP / fidèles
14388,10,16,6388.2,3,Clients VIP / fidèles
14389,65,5,1898.01,0,Clients VIP / fidèles
14390,10,13,6150.03,3,Clients VIP / fidèles
14391,577,1,135.6,1,Clients perdus / inactifs
14392,432,1,266.4,1,Clients perdus / inactifs
14393,218,1,67.95,2,Clients perdus / inactifs
14394,565,1,93.8,1,Clients perdus / inactifs
14395,2,20,7801.93,3,Clients VIP / fidèles
14396,65,7,1969.38,0,Clients VIP / fidèles
14397,3,19,2612.96,3,Clients VIP / fidèles
14398,401,2,707.79,1,Clients perdus / inactifs
14399,394,8,2108.21,0,Clients VIP / fidèles
14400,149,3,1732.47,0,Clients VIP / fidèles
14401,4,22,6795.9,3,Clients VIP / fidèles
14402,652,1,285.6,1,Clients perdus / inactifs
14403,130,6,1880.51,0,Clients VIP / fidèles
14404,34,13,2724.13,3,Clients VIP / fidèles
14405,387,1,195.0,1,Clients perdus / inactifs
14406,119,1,156.75,2,Clients perdus / inactifs
14407,107,5,2142.73,0,Clients VIP / fidèles
14408,11,11,4102.27,3,Clients VIP / fidèles
14409,71,9,3427.29,0,Clients VIP / fidèles
14410,92,11,2630.9,0,Clients VIP / fidèles
14411,311,1,1063.0,1,Clients perdus / inactifs
14412,43,3,1426.19,0,Clients VIP / fidèles
14413,362,3,421.72,1,Clients perdus / inactifs
14414,92,8,2399.33,0,Clients VIP / fidèles
14415,1,23,11980.09,3,Clients VIP / fidèles
14416,22,2,490.22,2,Clients perdus / inactifs
14417,388,1,524.65,1,Clients perdus / inactifs
14418,4,3,1937.25,0,Clients VIP / fidèles
14419,11,7,1254.64,0,Clients VIP / fidèles
14420,99,4,1639.17,0,Clients VIP / fidèles
14421,57,6,2469.37,0,Clients VIP / fidèles
14422,1,19,10271.52,3,Clients VIP / fidèles
14423,218,3,916.6099999999999,0,Clients VIP / fidèles
14424,18,1,322.08,2,Clients perdus / inactifs
14425,435,3,661.39,1,Clients perdus / inactifs
14426,24,17,11727.94,3,Clients VIP / fidèles
14427,50,4,1263.52,0,Clients VIP / fidèles
14428,7,5,1224.06,0,Clients VIP / fidèles
14429,404,1,516.28,1,Clients perdus / inactifs
14430,512,3,1220.9,1,Clients perdus / inactifs
14431,303,4,2614.2,0,Clients VIP / fidèles
14432,10,6,2248.5,0,Clients VIP / fidèles
14433,466,1,280.7,1,Clients perdus / inactifs
14434,22,6,1372.8,0,Clients VIP / fidèles
14435,502,1,90.42,1,Clients perdus / inactifs
14436,99,2,271.70000000000005,2,Clients perdus / inactifs
14437,366,5,873.34,0,Clients VIP / fidèles
14438,306,1,131.9,1,Clients perdus / inactifs
14439,320,5,9443.04,0,Clients VIP / fidèles
14440,8,13,5982.03,3,Clients VIP / fidèles
14441,1,11,4611.6900000000005,3,Clients VIP / fidèles
14442,205,7,5367.0199999999995,0,Clients VIP / fidèles
14443,54,5,2082.97,0,Clients VIP / fidèles
14444,456,1,120.44,1,Clients perdus / inactifs
14445,456,1,221.65,1,Clients perdus / inactifs
14446,1,5,1195.48,0,Clients VIP / fidèles
14447,19,6,1711.73,0,Clients VIP / fidèles
14448,9,2,375.35,2,Clients perdus / inactifs
14449,19,8,2230.96,0,Clients VIP / fidèles
14450,181,7,1128.44,0,Clients VIP / fidèles
14451,60,12,3258.68,3,Clients VIP / fidèles
14452,11,4,658.95,0,Clients VIP / fidèles
14453,190,1,119.93,2,Clients perdus / inactifs
14454,376,5,977.3,0,Clients VIP / fidèles
14455,432,4,617.72,1,Clients perdus / inactifs
14456,5,9,3014.32,0,Clients VIP / fidèles
14457,311,1,113.64,1,Clients perdus / inactifs
14458,381,1,219.26999999999998,1,Clients perdus / inactifs
14459,155,2,5375.74,0,Clients VIP / fidèles
14460,110,9,1093.5,0,Clients VIP / fidèles
14461,148,13,6676.52,3,Clients VIP / fidèles
14462,66,12,2237.81,3,Clients VIP / fidèles
14463,98,4,786.5699999999999,0,Clients VIP / fidèles
14464,568,2,111.0,1,Clients perdus / inactifs
14465,247,11,3925.85,3,Clients VIP / fidèles
14466,29,13,4267.15,3,Clients VIP / fidèles
14467,18,12,2203.2400000000002,3,Clients VIP / fidèles
14468,734,1,204.24,1,Clients perdus / inactifs
14469,416,4,2093.46,0,Clients VIP / fidèles
14470,12,3,712.04,2,Clients perdus / inactifs
14471,591,2,400.95,1,Clients perdus / inactifs
14472,104,9,2118.72,0,Clients VIP / fidèles
14473,74,2,234.34000000000003,2,Clients perdus / inactifs
14474,46,2,1258.8899999999999,0,Clients VIP / fidèles
14475,72,4,1151.15,0,Clients VIP / fidèles
14476,257,1,193.0,2,Clients perdus / inactifs
14477,20,7,1969.6,0,Clients VIP / fidèles
14478,382,4,1276.66,1,Clients perdus / inactifs
14479,254,4,1124.71,0,Clients VIP / fidèles
14480,11,4,1299.52,0,Clients VIP / fidèles
14481,165,5,2284.69,0,Clients VIP / fidèles
14482,18,12,4306.72,3,Clients VIP / fidèles
14483,282,2,257.1,2,Clients perdus / inactifs
14484,50,4,1070.98,0,Clients VIP / fidèles
14485,39,1,162.8,2,Clients perdus / inactifs
14486,512,2,175.5,1,Clients perdus / inactifs
14487,27,7,1266.27,0,Clients VIP / fidèles
14488,68,1,1064.28,2,Clients perdus / inactifs
14489,207,4,1574.93,0,Clients VIP / fidèles
14490,406,2,1273.47,1,Clients perdus / inactifs
14491,175,2,340.93,2,Clients perdus / inactifs
14492,430,7,1921.91,0,Clients VIP / fidèles
14493,7,10,5087.86,3,Clients VIP / fidèles
14494,26,3,401.46,2,Clients perdus / inactifs
14495,51,3,174.8,2,Clients perdus / inactifs
14496,312,7,2363.89,0,Clients VIP / fidèles
14497,309,2,697.0600000000001,1,Clients perdus / inactifs
14498,43,10,3900.83,3,Clients VIP / fidèles
14499,26,7,2101.79,0,Clients VIP / fidèles
14500,88,3,356.85,2,Clients perdus / inactifs
14501,184,2,251.21,2,Clients perdus / inactifs
14502,20,11,2426.79,0,Clients VIP / fidèles
14503,3,6,3543.26,0,Clients VIP / fidèles
14504,47,4,673.26,0,Clients VIP / fidèles
14505,17,19,11873.08,3,Clients VIP / fidèles
14506,17,7,2960.25,0,Clients VIP / fidèles
14507,24,11,3216.7400000000002,3,Clients VIP / fidèles
14508,22,5,822.92,0,Clients VIP / fidèles
14509,534,1,110.95,1,Clients perdus / inactifs
14510,376,3,979.85,1,Clients perdus / inactifs
14511,11,5,1314.81,0,Clients VIP / fidèles
14512,188,7,1215.97,0,Clients VIP / fidèles
14513,101,6,788.01,0,Clients VIP / fidèles
14514,61,9,4380.04,3,Clients VIP / fidèles
14515,18,12,3724.06,3,Clients VIP / fidèles
14516,516,1,151.17,1,Clients perdus / inactifs
14517,33,2,330.45,2,Clients perdus / inactifs
14518,64,1,174.37,2,Clients perdus / inactifs
14519,684,2,203.14,1,Clients perdus / inactifs
14520,2,2,270.6,2,Clients perdus / inactifs
14521,491,1,199.45000000000002,1,Clients perdus / inactifs
14522,24,8,1748.42,0,Clients VIP / fidèles
14523,108,1,241.09,2,Clients perdus / inactifs
14524,32,13,2909.86,3,Clients VIP / fidèles
14525,20,17,8018.59,3,Clients VIP / fidèles
14526,389,1,258.65,1,Clients perdus / inactifs
14527,3,121,27191.1,3,Clients VIP / fidèles
14528,37,1,364.21999999999997,2,Clients perdus / inactifs
14529,60,3,578.61,2,Clients perdus / inactifs
14530,26,16,6088.87,3,Clients VIP / fidèles
14531,480,1,376.34,1,Clients perdus / inactifs
14532,236,11,3845.78,3,Clients VIP / fidèles
14533,25,11,3466.37,3,Clients VIP / fidèles
14534,3,26,6183.06,3,Clients VIP / fidèles
14535,60,9,5961.89,3,Clients VIP / fidèles
14536,260,1,170.95,2,Clients perdus / inactifs
14537,58,2,641.4,2,Clients perdus / inactifs
14538,65,5,1370.8400000000001,0,Clients VIP / fidèles
14539,16,2,537.48,2,Clients perdus / inactifs
14540,10,11,3709.64,3,Clients VIP / fidèles
14541,59,14,2491.38,3,Clients VIP / fidèles
14542,186,1,103.25,2,Clients perdus / inactifs
14543,29,39,14548.22,3,Clients VIP / fidèles
14544,24,3,2938.53,0,Clients VIP / fidèles
14545,674,1,349.25,1,Clients perdus / inactifs
14546,5,11,5184.84,3,Clients VIP / fidèles
14547,4,8,3974.75,0,Clients VIP / fidèles
14548,151,9,2541.29,0,Clients VIP / fidèles
14549,311,4,913.6,0,Clients VIP / fidèles
14550,11,4,1345.06,0,Clients VIP / fidèles
14551,18,7,878.09,0,Clients VIP / fidèles
14552,152,3,507.93,2,Clients perdus / inactifs
14553,19,9,1818.6,0,Clients VIP / fidèles
14554,10,4,2279.4900000000002,0,Clients VIP / fidèles
14555,57,6,2304.03,0,Clients VIP / fidèles
14556,596,3,815.69,1,Clients perdus / inactifs
14557,85,1,788.38,2,Clients perdus / inactifs
14558,654,3,655.5,1,Clients perdus / inactifs
14559,390,1,75.6,1,Clients perdus / inactifs
14560,7,44,6114.03,3,Clients VIP / fidèles
14561,76,3,1080.76,0,Clients VIP / fidèles
14562,4,26,6638.150000000001,3,Clients VIP / fidèles
14563,510,2,625.42,1,Clients perdus / inactifs
14564,435,2,2605.62,1,Clients perdus / inactifs
14565,96,5,3859.2200000000003,0,Clients VIP / fidèles
14566,111,4,4092.0,0,Clients VIP / fidèles
14567,57,2,1530.3600000000001,0,Clients VIP / fidèles
14568,435,1,919.7,1,Clients perdus / inactifs
14569,1,4,597.3299999999999,0,Clients VIP / fidèles
14570,281,3,512.4,2,Clients perdus / inactifs
14571,425,1,160.0,1,Clients perdus / inactifs
14572,3,11,5520.9800000000005,3,Clients VIP / fidèles
14573,180,13,2163.12,0,Clients VIP / fidèles
14574,733,1,143.70000000000002,1,Clients perdus / inactifs
14575,488,1,420.22,1,Clients perdus / inactifs
14576,372,1,35.400000000000006,1,Clients perdus / inactifs
14577,13,7,1364.15,0,Clients VIP / fidèles
14578,3,1,168.63,2,Clients perdus / inactifs
14579,432,1,105.56,1,Clients perdus / inactifs
14580,518,1,14.850000000000001,1,Clients perdus / inactifs
14581,17,2,409.65,2,Clients perdus / inactifs
14582,41,1,114.11,2,Clients perdus / inactifs
14583,6,8,1660.29,0,Clients VIP / fidèles
14584,169,8,1738.16,0,Clients VIP / fidèles
14585,50,5,1143.27,0,Clients VIP / fidèles
14586,277,1,237.36,2,Clients perdus / inactifs
14587,19,9,1580.29,0,Clients VIP / fidèles
14588,578,1,135.39,1,Clients perdus / inactifs
14589,372,1,39.75,1,Clients perdus / inactifs
14590,425,20,2993.37,3,Clients VIP / fidèles
14591,15,4,1320.21,0,Clients VIP / fidèles
14592,35,3,557.94,2,Clients perdus / inactifs
14593,22,12,3658.0299999999997,3,Clients VIP / fidèles
14594,7,2,363.33,2,Clients perdus / inactifs
14595,20,8,2164.45,0,Clients VIP / fidèles
14596,627,1,222.22000000000003,1,Clients perdus / inactifs
14597,11,6,2184.63,0,Clients VIP / fidèles
14598,44,2,384.04,2,Clients perdus / inactifs
14599,390,2,457.89,1,Clients perdus / inactifs
14600,306,2,865.1700000000001,1,Clients perdus / inactifs
14601,11,1,213.96,2,Clients perdus / inactifs
14602,656,1,205.35999999999999,1,Clients perdus / inactifs
14603,275,1,660.0,2,Clients perdus / inactifs
14604,633,1,136.35999999999999,1,Clients perdus / inactifs
14605,374,4,920.71,1,Clients perdus / inactifs
14606,1,184,29648.75,3,Clients VIP / fidèles
14607,16,20,22575.13,3,Clients VIP / fidèles
14608,4,10,3342.94,3,Clients VIP / fidèles
14609,72,10,1486.2,0,Clients VIP / fidèles
14610,396,2,24.35,1,Clients perdus / inactifs
14611,444,2,604.3299999999999,1,Clients perdus / inactifs
14612,415,1,877.7,1,Clients perdus / inactifs
14613,680,1,76.32000000000001,1,Clients perdus / inactifs
14614,386,1,295.13,1,Clients perdus / inactifs
14615,394,5,951.76,1,Clients perdus / inactifs
14616,243,5,527.78,0,Clients VIP / fidèles
14617,403,2,190.47000000000003,1,Clients perdus / inactifs
14618,9,7,1342.32,0,Clients VIP / fidèles
14619,246,2,1291.24,0,Clients VIP / fidèles
14620,206,2,412.78000000000003,2,Clients perdus / inactifs
14621,1,9,3000.57,0,Clients VIP / fidèles
14622,185,1,320.58000000000004,2,Clients perdus / inactifs
14623,32,10,2012.3,0,Clients VIP / fidèles
14624,57,6,814.07,0,Clients VIP / fidèles
14625,196,11,4497.88,3,Clients VIP / fidèles
14626,24,11,5410.92,3,Clients VIP / fidèles
14627,379,1,462.75,1,Clients perdus / inactifs
14628,91,5,1998.0,0,Clients VIP / fidèles
14629,4,2,955.26,2,Clients perdus / inactifs
14630,484,1,338.65,1,Clients perdus / inactifs
14631,51,6,2025.69,0,Clients VIP / fidèles
14632,263,1,114.56,2,Clients perdus / inactifs
14633,266,1,344.90000000000003,2,Clients perdus / inactifs
14634,438,4,2124.46,1,Clients perdus / inactifs
14635,454,1,215.22,1,Clients perdus / inactifs
14636,36,2,609.85,2,Clients perdus / inactifs
14637,677,1,106.67999999999999,1,Clients perdus / inactifs
14638,51,1,443.6,2,Clients perdus / inactifs
14639,52,9,4978.96,3,Clients VIP / fidèles
14640,24,10,3649.36,3,Clients VIP / fidèles
14641,22,1,110.46,2,Clients perdus / inactifs
14642,59,1,96.12,2,Clients perdus / inactifs
14643,170,5,1679.89,0,Clients VIP / fidèles
14644,68,7,2247.72,0,Clients VIP / fidèles
14645,157,3,876.89,0,Clients VIP / fidèles
14646,2,145,526751.52,3,Clients VIP / fidèles
14647,201,2,506.04,2,Clients perdus / inactifs
14648,416,15,4463.39,3,Clients VIP / fidèles
14649,5,9,3651.19,3,Clients VIP / fidèles
14650,589,1,62.5,1,Clients perdus / inactifs
14651,67,9,2025.52,0,Clients VIP / fidèles
14652,77,1,114.18,2,Clients perdus / inactifs
14653,1,11,3404.8,3,Clients VIP / fidèles
14654,738,1,246.86,1,Clients perdus / inactifs
14655,8,7,3878.51,0,Clients VIP / fidèles
14656,169,5,790.0,0,Clients VIP / fidèles
14657,18,6,1450.19,0,Clients VIP / fidèles
14658,5,2,247.15,2,Clients perdus / inactifs
14659,9,9,2529.93,0,Clients VIP / fidèles
14660,87,2,285.74,2,Clients perdus / inactifs
14661,27,1,107.95,2,Clients perdus / inactifs
14662,29,7,1376.43,0,Clients VIP / fidèles
14663,430,2,490.6,1,Clients perdus / inactifs
14664,20,2,636.24,2,Clients perdus / inactifs
14665,61,7,2749.65,0,Clients VIP / fidèles
14666,24,1,179.95,2,Clients perdus / inactifs
14667,11,54,20359.59,3,Clients VIP / fidèles
14668,445,1,111.63,1,Clients perdus / inactifs
14669,242,7,3216.78,0,Clients VIP / fidèles
14670,280,3,583.33,2,Clients perdus / inactifs
14671,549,2,1127.45,1,Clients perdus / inactifs
14672,235,4,1113.14,0,Clients VIP / fidèles
14673,3,7,3037.32,0,Clients VIP / fidèles
14674,509,1,173.66,1,Clients perdus / inactifs
14675,16,2,1015.58,2,Clients perdus / inactifs
14676,31,12,8356.79,3,Clients VIP / fidèles
14677,593,1,184.91,1,Clients perdus / inactifs
14678,579,1,403.39,1,Clients perdus / inactifs
14679,382,3,1289.44,1,Clients perdus / inactifs
14680,25,58,55688.5,3,Clients VIP / fidèles
14681,71,6,875.1500000000001,0,Clients VIP / fidèles
14682,188,6,1514.81,0,Clients VIP / fidèles
14683,588,1,146.56,1,Clients perdus / inactifs
14684,26,6,1430.03,0,Clients VIP / fidèles
14685,576,8,4536.64,0,Clients VIP / fidèles
14686,414,5,852.53,1,Clients perdus / inactifs
14687,107,3,1402.06,0,Clients VIP / fidèles
14688,8,28,7190.42,3,Clients VIP / fidèles
14689,209,1,112.8,2,Clients perdus / inactifs
14690,44,4,777.68,0,Clients VIP / fidèles
14691,31,5,2114.33,0,Clients VIP / fidèles
14692,137,12,1715.1399999999999,0,Clients VIP / fidèles
14693,265,7,1165.36,0,Clients VIP / fidèles
14694,617,1,244.31,1,Clients perdus / inactifs
14695,519,3,1534.22,1,Clients perdus / inactifs
14696,4,8,2473.28,0,Clients VIP / fidèles
14697,218,2,188.60999999999999,2,Clients perdus / inactifs
14698,2,5,1217.27,0,Clients VIP / fidèles
14699,214,4,702.6,0,Clients VIP / fidèles
14700,32,5,3076.06,0,Clients VIP / fidèles
14701,11,15,4487.11,3,Clients VIP / fidèles
14702,1,29,6356.9800000000005,3,Clients VIP / fidèles
14703,15,1,318.17,2,Clients perdus / inactifs
14704,20,9,1720.58,0,Clients VIP / fidèles
14705,199,1,179.0,2,Clients perdus / inactifs
14706,619,1,367.54,1,Clients perdus / inactifs
14707,436,2,139.2,1,Clients perdus / inactifs
14708,3,5,1793.22,0,Clients VIP / fidèles
14709,15,25,8886.33,3,Clients VIP / fidèles
14710,14,13,1899.79,3,Clients VIP / fidèles
14711,10,11,2839.62,3,Clients VIP / fidèles
14712,29,4,1328.0700000000002,0,Clients VIP / fidèles
14713,9,21,5115.36,3,Clients VIP / fidèles
14714,24,4,906.24,0,Clients VIP / fidèles
14715,25,8,1809.55,0,Clients VIP / fidèles
14716,43,3,543.28,2,Clients perdus / inactifs
14717,733,1,81.3,1,Clients perdus / inactifs
14718,410,1,226.42,1,Clients perdus / inactifs
14719,2,5,1581.84,0,Clients VIP / fidèles
14720,6,3,663.81,2,Clients perdus / inactifs
14721,379,1,109.07,1,Clients perdus / inactifs
14722,147,3,489.52,2,Clients perdus / inactifs
14723,10,11,1801.3600000000001,0,Clients VIP / fidèles
14724,590,1,341.9,1,Clients perdus / inactifs
14725,25,4,1246.86,0,Clients VIP / fidèles
14726,655,1,116.5,1,Clients perdus / inactifs
14727,274,3,461.03,2,Clients perdus / inactifs
14728,413,1,190.58,1,Clients perdus / inactifs
14729,374,3,586.24,1,Clients perdus / inactifs
14730,1,8,1897.57,0,Clients VIP / fidèles
14731,47,3,380.02,2,Clients perdus / inactifs
14732,8,19,5517.07,3,Clients VIP / fidèles
14733,16,15,14335.15,3,Clients VIP / fidèles
14734,426,4,1056.42,1,Clients perdus / inactifs
14735,4,55,12225.16,3,Clients VIP / fidèles
14736,485,2,374.05,1,Clients perdus / inactifs
14737,4,4,3554.17,0,Clients VIP / fidèles
14738,43,9,1821.9,0,Clients VIP / fidèles
14739,4,25,11573.62,3,Clients VIP / fidèles
14740,197,11,4161.06,3,Clients VIP / fidèles
14741,12,7,1713.09,0,Clients VIP / fidèles
14742,435,1,579.85,1,Clients perdus / inactifs
14743,593,1,50.48,1,Clients perdus / inactifs
14744,16,14,3660.08,3,Clients VIP / fidèles
14745,113,12,2551.41,3,Clients VIP / fidèles
14746,406,4,593.5,1,Clients perdus / inactifs
14747,249,1,328.2,2,Clients perdus / inactifs
14748,29,10,2681.9,0,Clients VIP / fidèles
14749,480,1,310.15,1,Clients perdus / inactifs
14750,736,1,112.03,1,Clients perdus / inactifs
14751,684,2,126.45,1,Clients perdus / inactifs
14752,44,1,389.64,2,Clients perdus / inactifs
14753,87,2,869.51,2,Clients perdus / inactifs
14754,45,6,1547.93,0,Clients VIP / fidèles
14755,10,25,9972.550000000001,3,Clients VIP / fidèles
14756,15,3,2653.76,0,Clients VIP / fidèles
14757,75,1,420.5,2,Clients perdus / inactifs
14758,145,7,2864.97,0,Clients VIP / fidèles
14759,5,3,1625.97,0,Clients VIP / fidèles
14760,297,1,89.2,1,Clients perdus / inactifs
14761,59,3,447.92,2,Clients perdus / inactifs
14762,264,2,417.57,2,Clients perdus / inactifs
14764,47,1,278.3,2,Clients perdus / inactifs
14765,29,3,254.11,2,Clients perdus / inactifs
14766,8,11,6375.7300000000005,3,Clients VIP / fidèles
14767,474,1,382.81,1,Clients perdus / inactifs
14768,17,2,192.60000000000002,2,Clients perdus / inactifs
14769,3,17,15512.46,3,Clients VIP / fidèles
14770,232,8,3637.64,0,Clients VIP / fidèles
14771,621,2,594.62,1,Clients perdus / inactifs
14772,112,1,139.26,2,Clients perdus / inactifs
14773,593,1,140.55,1,Clients perdus / inactifs
14774,529,1,241.45,1,Clients perdus / inactifs
14775,58,3,1011.9,0,Clients VIP / fidèles
14776,51,15,3708.3,3,Clients VIP / fidèles
14777,404,1,307.56,1,Clients perdus / inactifs
14778,127,2,730.86,2,Clients perdus / inactifs
14779,281,3,386.15,2,Clients perdus / inactifs
14780,55,2,447.68,2,Clients perdus / inactifs
14782,320,1,200.10000000000002,1,Clients perdus / inactifs
14783,659,1,307.3,1,Clients perdus / inactifs
14784,26,3,449.93,2,Clients perdus / inactifs
14785,10,2,77.4,2,Clients perdus / inactifs
14786,550,1,90.96,1,Clients perdus / inactifs
14787,471,1,110.65,1,Clients perdus / inactifs
14788,7,3,1156.32,0,Clients VIP / fidèles
14789,29,1,197.64,2,Clients perdus / inactifs
14790,17,10,2526.62,0,Clients VIP / fidèles
14791,607,1,303.63,1,Clients perdus / inactifs
14792,64,1,6.2,2,Clients perdus / inactifs
14793,21,2,625.9,2,Clients perdus / inactifs
14794,3,10,1953.9,0,Clients VIP / fidèles
14795,166,1,131.45000000000002,2,Clients perdus / inactifs
14796,1,27,10167.77,3,Clients VIP / fidèles
14797,507,1,300.31,1,Clients perdus / inactifs
14798,53,8,724.31,0,Clients VIP / fidèles
14799,51,2,338.15,2,Clients perdus / inactifs
14800,48,17,7180.08,3,Clients VIP / fidèles
14801,61,1,189.34,2,Clients perdus / inactifs
14803,162,3,845.55,0,Clients VIP / fidèles
14804,9,1,353.27,2,Clients perdus / inactifs
14805,15,7,1082.55,0,Clients VIP / fidèles
14806,75,2,303.43,2,Clients perdus / inactifs
14807,391,2,504.14,1,Clients perdus / inactifs
14808,40,8,2718.6,0,Clients VIP / fidèles
14809,621,2,686.76,1,Clients perdus / inactifs
14810,41,13,2354.03,3,Clients VIP / fidèles
14811,387,1,170.5,1,Clients perdus / inactifs
14812,599,1,178.85,1,Clients perdus / inactifs
14813,370,4,888.91,1,Clients perdus / inactifs
14814,581,1,152.96,1,Clients perdus / inactifs
14815,37,2,778.5,2,Clients perdus / inactifs
14816,197,1,271.85,2,Clients perdus / inactifs
14817,200,7,3959.86,0,Clients VIP / fidèles
14818,74,6,1153.56,0,Clients VIP / fidèles
14819,64,4,456.41,2,Clients perdus / inactifs
14820,21,9,1274.76,0,Clients VIP / fidèles
14821,367,7,1230.15,0,Clients VIP / fidèles
14822,485,1,157.70000000000002,1,Clients perdus / inactifs
14823,180,3,321.43,2,Clients perdus / inactifs
14824,10,10,4022.9100000000003,3,Clients VIP / fidèles
14825,4,24,4735.08,3,Clients VIP / fidèles
14826,582,2,385.2,1,Clients perdus / inactifs
14828,197,13,9839.460000000001,3,Clients VIP / fidèles
14829,29,7,1455.8700000000001,0,Clients VIP / fidèles
14830,53,1,188.03,2,Clients perdus / inactifs
14831,680,3,1676.57,1,Clients perdus / inactifs
14833,499,1,94.8,1,Clients perdus / inactifs
14834,18,7,2206.16,0,Clients VIP / fidèles
14835,529,2,297.0,1,Clients perdus / inactifs
14836,10,3,102.44999999999999,2,Clients perdus / inactifs
14837,90,9,3460.32,0,Clients VIP / fidèles
14838,423,2,769.9200000000001,1,Clients perdus / inactifs
14839,418,3,915.28,1,Clients perdus / inactifs
14840,268,2,362.71,2,Clients perdus / inactifs
14841,53,14,7163.0,3,Clients VIP / fidèles
14842,44,4,2824.69,0,Clients VIP / fidèles
14843,437,1,211.79999999999998,1,Clients perdus / inactifs
14844,64,10,6702.43,3,Clients VIP / fidèles
14845,600,1,150.0,1,Clients perdus / inactifs
14846,427,1,437.4,1,Clients perdus / inactifs
14847,149,3,1348.95,0,Clients VIP / fidèles
14848,405,1,310.56,1,Clients perdus / inactifs
14849,22,43,15407.61,3,Clients VIP / fidèles
14850,312,7,1770.96,0,Clients VIP / fidèles
14851,23,3,829.4100000000001,0,Clients VIP / fidèles
14852,58,18,6132.43,3,Clients VIP / fidèles
14853,24,5,1376.87,0,Clients VIP / fidèles
14854,78,11,4303.06,3,Clients VIP / fidèles
14855,119,7,6520.3,0,Clients VIP / fidèles
14856,36,3,1290.53,0,Clients VIP / fidèles
14857,60,7,3651.85,0,Clients VIP / fidèles
14858,506,1,180.75,1,Clients perdus / inactifs
14859,13,5,1705.64,0,Clients VIP / fidèles
14860,19,1,170.32,2,Clients perdus / inactifs
14861,52,10,1380.73,0,Clients VIP / fidèles
14862,26,2,841.1999999999999,2,Clients perdus / inactifs
14863,29,1,266.76,2,Clients perdus / inactifs
14865,7,4,92.52000000000001,2,Clients perdus / inactifs
14866,11,17,20700.04,3,Clients VIP / fidèles
14867,186,16,2952.06,3,Clients VIP / fidèles
14868,3,12,4184.01,3,Clients VIP / fidèles
14869,9,6,2778.14,0,Clients VIP / fidèles
14870,262,6,1838.95,0,Clients VIP / fidèles
14871,3,9,1228.17,0,Clients VIP / fidèles
14872,484,3,816.6,1,Clients perdus / inactifs
14873,210,2,854.13,2,Clients perdus / inactifs
14874,535,1,116.18,1,Clients perdus / inactifs
14875,108,3,2862.4,0,Clients VIP / fidèles
14876,521,2,256.7,1,Clients perdus / inactifs
14877,418,2,425.85,1,Clients perdus / inactifs
14878,13,25,4076.5,3,Clients VIP / fidèles
14879,685,1,185.06,1,Clients perdus / inactifs
14880,77,3,690.59,2,Clients perdus / inactifs
14881,20,1,255.4,2,Clients perdus / inactifs
14882,27,14,3546.65,3,Clients VIP / fidèles
14883,19,6,761.59,0,Clients VIP / fidèles
14884,669,1,120.6,1,Clients perdus / inactifs
14885,132,3,1598.12,0,Clients VIP / fidèles
14886,253,1,364.8,2,Clients perdus / inactifs
14887,79,1,1862.0,2,Clients perdus / inactifs
14888,207,1,369.2,2,Clients perdus / inactifs
14889,336,1,135.9,1,Clients perdus / inactifs
14890,254,3,817.25,0,Clients VIP / fidèles
14891,148,4,1106.73,0,Clients VIP / fidèles
14892,691,1,202.35000000000002,1,Clients perdus / inactifs
14893,10,3,1809.6100000000001,0,Clients VIP / fidèles
14894,85,3,1492.81,0,Clients VIP / fidèles
14895,8,38,25119.54,3,Clients VIP / fidèles
14896,205,8,1826.0,0,Clients VIP / fidèles
14897,8,8,3140.54,0,Clients VIP / fidèles
14898,23,14,3365.95,3,Clients VIP / fidèles
14899,395,1,1331.38,1,Clients perdus / inactifs
14900,522,1,13.919999999999998,1,Clients perdus / inactifs
14901,11,12,1919.0,0,Clients VIP / fidèles
14902,26,3,1035.6200000000001,0,Clients VIP / fidèles
14903,21,5,2795.33,0,Clients VIP / fidèles
14904,2,4,1630.49,0,Clients VIP / fidèles
14905,158,8,1971.39,0,Clients VIP / fidèles
14907,3,16,5547.72,3,Clients VIP / fidèles
14908,74,2,381.9,2,Clients perdus / inactifs
14909,437,3,1404.68,1,Clients perdus / inactifs
14910,3,4,434.35,2,Clients perdus / inactifs
14911,1,375,279477.79,3,Clients VIP / fidèles
14912,17,5,1849.58,0,Clients VIP / fidèles
14913,36,8,4073.13,0,Clients VIP / fidèles
14915,91,11,1811.25,0,Clients VIP / fidèles
14916,71,8,3042.95,0,Clients VIP / fidèles
14917,597,2,1123.75,1,Clients perdus / inactifs
14918,116,9,5955.81,3,Clients VIP / fidèles
14919,539,1,359.35,1,Clients perdus / inactifs
14920,213,3,1607.17,0,Clients VIP / fidèles
14921,30,2,1316.07,0,Clients VIP / fidèles
14922,394,2,843.74,1,Clients perdus / inactifs
14923,51,1,749.1,2,Clients perdus / inactifs
14924,246,3,931.01,0,Clients VIP / fidèles
14926,382,2,359.4,1,Clients perdus / inactifs
14927,397,1,308.2,1,Clients perdus / inactifs
14928,628,1,223.91000000000003,1,Clients perdus / inactifs
14929,32,2,836.69,2,Clients perdus / inactifs
14930,109,6,5236.7300000000005,0,Clients VIP / fidèles
14931,5,4,964.6800000000001,0,Clients VIP / fidèles
14932,366,2,666.13,1,Clients perdus / inactifs
14933,444,4,1770.0,1,Clients perdus / inactifs
14934,82,5,3503.5,0,Clients VIP / fidèles
14935,297,2,2849.83,0,Clients VIP / fidèles
14936,34,12,12410.81,3,Clients VIP / fidèles
14937,57,3,1621.88,0,Clients VIP / fidèles
14938,562,2,2322.43,1,Clients perdus / inactifs
14940,418,2,531.49,1,Clients perdus / inactifs
14941,579,1,182.1,1,Clients perdus / inactifs
14942,402,4,746.56,1,Clients perdus / inactifs
14943,663,1,107.62,1,Clients perdus / inactifs
14944,30,19,9784.67,3,Clients VIP / fidèles
14945,414,1,179.4,1,Clients perdus / inactifs
14946,14,1,100.9,2,Clients perdus / inactifs
14947,72,6,1049.79,0,Clients VIP / fidèles
14948,23,6,1101.97,0,Clients VIP / fidèles
14949,469,4,515.0,1,Clients perdus / inactifs
14950,19,1,371.2,2,Clients perdus / inactifs
14951,79,1,311.69,2,Clients perdus / inactifs
14952,60,32,17629.35,3,Clients VIP / fidèles
14953,25,4,968.82,0,Clients VIP / fidèles
14954,12,2,462.12,2,Clients perdus / inactifs
14955,733,1,163.77,1,Clients perdus / inactifs
14956,421,1,1325.0,1,Clients perdus / inactifs
14957,253,2,261.69,2,Clients perdus / inactifs
14958,147,6,941.99,0,Clients VIP / fidèles
14959,64,4,695.42,0,Clients VIP / fidèles
14960,8,2,221.27,2,Clients perdus / inactifs
14961,11,22,16410.15,3,Clients VIP / fidèles
14962,271,4,366.91,2,Clients perdus / inactifs
14963,10,12,3123.57,3,Clients VIP / fidèles
14964,247,1,206.21,2,Clients perdus / inactifs
14965,96,2,596.09,2,Clients perdus / inactifs
14966,15,6,1064.26,0,Clients VIP / fidèles
14967,50,6,1982.6100000000001,0,Clients VIP / fidèles
14968,30,2,497.49,2,Clients perdus / inactifs
14969,704,1,906.23,1,Clients perdus / inactifs
14970,68,12,4919.35,3,Clients VIP / fidèles
14971,35,3,1097.98,0,Clients VIP / fidèles
14972,128,2,145.07,2,Clients perdus / inactifs
14973,107,3,1314.45,0,Clients VIP / fidèles
14974,37,1,89.94,2,Clients perdus / inactifs
14975,57,2,472.39,2,Clients perdus / inactifs
14976,57,6,774.86,0,Clients VIP / fidèles
14977,726,1,31.929999999999996,1,Clients perdus / inactifs
14978,72,10,3112.19,0,Clients VIP / fidèles
14979,735,1,429.66,1,Clients perdus / inactifs
14980,737,1,150.68,1,Clients perdus / inactifs
14981,246,2,372.92,2,Clients perdus / inactifs
14982,572,1,234.88,1,Clients perdus / inactifs
14983,689,1,183.20000000000002,1,Clients perdus / inactifs
14984,19,6,1260.51,0,Clients VIP / fidèles
14985,198,2,292.01,2,Clients perdus / inactifs
14986,376,2,563.1,1,Clients perdus / inactifs
14987,16,8,1550.6499999999999,0,Clients VIP / fidèles
14988,212,7,2038.65,0,Clients VIP / fidèles
14989,662,1,342.4,1,Clients perdus / inactifs
14990,612,2,304.17,1,Clients perdus / inactifs
14991,430,1,314.67,1,Clients perdus / inactifs
14992,442,1,210.5,1,Clients perdus / inactifs
14993,564,1,36.13,1,Clients perdus / inactifs
14994,382,5,942.77,1,Clients perdus / inactifs
14995,39,2,231.98000000000002,2,Clients perdus / inactifs
14996,481,2,442.28999999999996,1,Clients perdus / inactifs
14997,46,4,776.5999999999999,0,Clients VIP / fidèles
14998,170,4,753.18,0,Clients VIP / fidèles
14999,593,1,129.48000000000002,1,Clients perdus / inactifs
15000,48,1,490.52,2,Clients perdus / inactifs
15001,394,2,197.10999999999999,1,Clients perdus / inactifs
15002,116,9,4138.08,0,Clients VIP / fidèles
15003,473,6,1027.03,1,Clients perdus / inactifs
15004,147,1,1220.38,2,Clients perdus / inactifs
15005,16,56,13752.58,3,Clients VIP / fidèles
15006,51,2,752.83,2,Clients perdus / inactifs
15007,159,1,156.91,2,Clients perdus / inactifs
15008,480,2,360.0,1,Clients perdus / inactifs
15009,12,3,1259.43,0,Clients VIP / fidèles
15010,36,1,308.94,2,Clients perdus / inactifs
15011,396,2,416.6,1,Clients perdus / inactifs
15012,54,3,646.26,2,Clients perdus / inactifs
15013,488,10,1610.82,0,Clients VIP / fidèles
15014,43,2,257.67,2,Clients perdus / inactifs
15015,501,13,2344.47,0,Clients VIP / fidèles
15016,173,5,620.89,0,Clients VIP / fidèles
15017,34,1,125.58,2,Clients perdus / inactifs
15018,39,3,496.21000000000004,2,Clients perdus / inactifs
15019,267,1,252.81,2,Clients perdus / inactifs
15020,379,1,198.47,1,Clients perdus / inactifs
15021,9,12,2500.59,3,Clients VIP / fidèles
15022,12,5,1133.44,0,Clients VIP / fidèles
15023,3,20,11555.5,3,Clients VIP / fidèles
15024,10,16,3559.39,3,Clients VIP / fidèles
15025,33,2,971.84,2,Clients perdus / inactifs
15026,80,5,1044.09,0,Clients VIP / fidèles
15027,31,10,3195.6,3,Clients VIP / fidèles
15028,8,6,962.94,0,Clients VIP / fidèles
15029,620,1,365.1,1,Clients perdus / inactifs
15030,72,8,1979.91,0,Clients VIP / fidèles
15031,4,14,3102.94,3,Clients VIP / fidèles
15032,256,8,11010.05,3,Clients VIP / fidèles
15033,5,10,2553.88,0,Clients VIP / fidèles
15034,16,14,8231.2,3,Clients VIP / fidèles
15035,90,1,252.73000000000002,2,Clients perdus / inactifs
15036,72,3,429.56,2,Clients perdus / inactifs
15037,376,2,397.76,1,Clients perdus / inactifs
15038,59,9,1146.53,0,Clients VIP / fidèles
15039,10,93,39141.48,3,Clients VIP / fidèles
15040,542,1,7.49,1,Clients perdus / inactifs
15041,170,2,288.98,2,Clients perdus / inactifs
15042,199,2,315.45,2,Clients perdus / inactifs
15043,31,6,2855.3199999999997,0,Clients VIP / fidèles
15044,19,32,15769.01,3,Clients VIP / fidèles
15045,152,2,735.66,2,Clients perdus / inactifs
15046,9,25,7604.84,3,Clients VIP / fidèles
15047,270,1,343.62,2,Clients perdus / inactifs
15048,65,4,381.0,2,Clients perdus / inactifs
15049,274,1,121.17000000000002,2,Clients perdus / inactifs
15050,25,5,4087.19,0,Clients VIP / fidèles
15051,23,9,3926.91,3,Clients VIP / fidèles
15052,319,1,207.73000000000002,1,Clients perdus / inactifs
15053,5,3,693.95,2,Clients perdus / inactifs
15054,12,2,302.1,2,Clients perdus / inactifs
15055,475,3,549.12,1,Clients perdus / inactifs
15056,520,1,113.64999999999999,1,Clients perdus / inactifs
15057,275,5,3255.96,0,Clients VIP / fidèles
15058,25,16,3387.58,3,Clients VIP / fidèles
15059,41,19,3490.4,3,Clients VIP / fidèles
15060,8,4,293.0,2,Clients perdus / inactifs
15061,4,127,126387.56999999999,3,Clients VIP / fidèles
15062,71,8,2585.62,0,Clients VIP / fidèles
15063,213,1,370.79999999999995,2,Clients perdus / inactifs
15064,410,4,1254.41,1,Clients perdus / inactifs
15065,38,5,3326.86,0,Clients VIP / fidèles
15066,53,1,893.59,2,Clients perdus / inactifs
15067,78,5,3862.88,0,Clients VIP / fidèles
15068,46,4,1174.9,0,Clients VIP / fidèles
15069,179,1,1109.53,2,Clients perdus / inactifs
15070,373,3,737.0500000000001,1,Clients perdus / inactifs
15071,94,4,1455.56,0,Clients VIP / fidèles
15072,479,1,187.51999999999998,1,Clients perdus / inactifs
15073,10,8,2788.02,0,Clients VIP / fidèles
15074,105,3,1553.1299999999999,0,Clients VIP / fidèles
15075,78,1,773.03,2,Clients perdus / inactifs
15076,173,3,1447.74,0,Clients VIP / fidèles
15077,495,2,2428.08,1,Clients perdus / inactifs
15078,7,52,17276.73,3,Clients VIP / fidèles
15079,213,11,3625.4,3,Clients VIP / fidèles
15080,428,2,546.25,1,Clients perdus / inactifs
15081,22,12,1854.57,0,Clients VIP / fidèles
15082,669,1,93.35000000000001,1,Clients perdus / inactifs
15083,257,1,88.2,2,Clients perdus / inactifs
15084,380,2,965.2,1,Clients perdus / inactifs
15085,730,1,347.54,1,Clients perdus / inactifs
15086,565,2,218.53,1,Clients perdus / inactifs
15087,282,1,306.94,2,Clients perdus / inactifs
15088,21,2,1160.07,0,Clients VIP / fidèles
15089,10,6,2420.84,0,Clients VIP / fidèles
15090,308,1,381.32,1,Clients perdus / inactifs
15091,68,3,1046.6100000000001,0,Clients VIP / fidèles
15092,215,3,776.46,0,Clients VIP / fidèles
15093,18,23,13702.38,3,Clients VIP / fidèles
15094,463,2,83.0,1,Clients perdus / inactifs
15095,104,10,3141.64,0,Clients VIP / fidèles
15096,43,1,219.39000000000001,2,Clients perdus / inactifs
15097,4,3,908.35,0,Clients VIP / fidèles
15098,182,3,39916.5,3,Clients VIP / fidèles
15099,84,1,410.48,2,Clients perdus / inactifs
15100,334,7,2193.8999999999996,0,Clients VIP / fidèles
15101,9,6,1477.94,0,Clients VIP / fidèles
15102,531,2,554.67,1,Clients perdus / inactifs
15103,31,2,703.36,2,Clients perdus / inactifs
15104,197,2,993.54,2,Clients perdus / inactifs
15105,18,9,3094.91,0,Clients VIP / fidèles
15106,18,5,1422.52,0,Clients VIP / fidèles
15107,311,9,824.35,0,Clients VIP / fidèles
15108,142,3,1159.25,0,Clients VIP / fidèles
15109,246,3,983.1,0,Clients VIP / fidèles
15110,24,6,1505.8500000000001,0,Clients VIP / fidèles
15111,29,5,2442.37,0,Clients VIP / fidèles
15112,611,1,209.4,1,Clients perdus / inactifs
15113,10,3,3509.04,0,Clients VIP / fidèles
15114,30,12,3400.12,3,Clients VIP / fidèles
15115,18,2,531.85,2,Clients perdus / inactifs
15116,18,4,1352.75,0,Clients VIP / fidèles
15117,15,8,2485.9700000000003,0,Clients VIP / fidèles
15118,134,1,244.8,2,Clients perdus / inactifs
15119,246,1,266.4,2,Clients perdus / inactifs
15120,134,1,358.82,2,Clients perdus / inactifs
15121,50,2,457.72,2,Clients perdus / inactifs
15122,114,11,4487.27,3,Clients VIP / fidèles
15123,7,5,4656.17,0,Clients VIP / fidèles
15124,23,4,450.82,2,Clients perdus / inactifs
15125,25,24,17024.87,3,Clients VIP / fidèles
15126,537,2,449.49,1,Clients perdus / inactifs
15127,66,2,711.5,2,Clients perdus / inactifs
15128,60,5,1783.68,0,Clients VIP / fidèles
15129,50,23,6860.18,3,Clients VIP / fidèles
15130,170,1,330.11,2,Clients perdus / inactifs
15131,395,1,80.28,1,Clients perdus / inactifs
15132,18,5,977.9300000000001,0,Clients VIP / fidèles
15133,128,5,1806.9,0,Clients VIP / fidèles
15134,15,10,1596.29,0,Clients VIP / fidèles
15135,239,2,305.68,2,Clients perdus / inactifs
15136,3,4,1286.7,0,Clients VIP / fidèles
15137,521,2,823.4,1,Clients perdus / inactifs
15138,394,1,502.52,1,Clients perdus / inactifs
15139,240,2,178.96,2,Clients perdus / inactifs
15140,52,8,3243.69,0,Clients VIP / fidèles
15141,458,7,1388.47,0,Clients VIP / fidèles
15142,46,6,2619.92,0,Clients VIP / fidèles
15143,226,2,563.63,2,Clients perdus / inactifs
15144,8,29,12160.31,3,Clients VIP / fidèles
15145,4,4,1194.73,0,Clients VIP / fidèles
15146,165,2,1327.16,0,Clients VIP / fidèles
15147,240,1,623.5,2,Clients perdus / inactifs
15148,11,1,301.29,2,Clients perdus / inactifs
15149,134,4,1524.6100000000001,0,Clients VIP / fidèles
15150,17,13,8977.94,3,Clients VIP / fidèles
15151,423,2,2085.61,1,Clients perdus / inactifs
15152,10,14,5263.83,3,Clients VIP / fidèles
15153,31,1,329.25,2,Clients perdus / inactifs
15154,75,3,1343.72,0,Clients VIP / fidèles
15155,383,1,383.96999999999997,1,Clients perdus / inactifs
15156,1,3,961.49,0,Clients VIP / fidèles
15157,4,5,2654.11,0,Clients VIP / fidèles
15158,45,2,606.02,2,Clients perdus / inactifs
15159,2,34,22116.73,3,Clients VIP / fidèles
15160,357,4,589.27,1,Clients perdus / inactifs
15161,388,1,119.92,1,Clients perdus / inactifs
15162,731,1,312.9,1,Clients perdus / inactifs
15163,18,2,304.47,2,Clients perdus / inactifs
15164,69,9,2028.1100000000001,0,Clients VIP / fidèles
15165,373,1,487.75,1,Clients perdus / inactifs
15166,468,1,167.16,1,Clients perdus / inactifs
15167,321,5,1627.62,0,Clients VIP / fidèles
15168,26,1,106.56,2,Clients perdus / inactifs
15169,382,2,569.22,1,Clients perdus / inactifs
15170,407,1,81.15,1,Clients perdus / inactifs
15171,331,1,1289.5,1,Clients perdus / inactifs
15172,9,5,1624.05,0,Clients VIP / fidèles
15173,381,7,1494.6,0,Clients VIP / fidèles
15174,323,2,481.46,1,Clients perdus / inactifs
15175,72,1,224.14,2,Clients perdus / inactifs
15176,668,1,988.04,1,Clients perdus / inactifs
15177,426,1,948.93,1,Clients perdus / inactifs
15178,260,1,40.5,2,Clients perdus / inactifs
15179,18,13,7491.92,3,Clients VIP / fidèles
15180,367,3,816.9300000000001,1,Clients perdus / inactifs
15181,66,5,1200.2,0,Clients VIP / fidèles
15182,154,11,2998.9500000000003,0,Clients VIP / fidèles
15183,548,3,639.93,1,Clients perdus / inactifs
15184,29,4,685.39,0,Clients VIP / fidèles
15185,70,1,310.62,2,Clients perdus / inactifs
15186,14,5,1403.2,0,Clients VIP / fidèles
15187,2,15,4762.18,3,Clients VIP / fidèles
15188,725,1,310.43,1,Clients perdus / inactifs
15189,1,46,17524.38,3,Clients VIP / fidèles
15190,434,1,834.4399999999999,1,Clients perdus / inactifs
15191,463,3,588.05,1,Clients perdus / inactifs
15192,120,5,1666.39,0,Clients VIP / fidèles
15193,61,1,499.32,2,Clients perdus / inactifs
15194,3,28,12021.53,3,Clients VIP / fidèles
15195,3,1,3861.0,0,Clients VIP / fidèles
15196,433,2,313.7,1,Clients perdus / inactifs
15197,11,6,1877.51,0,Clients VIP / fidèles
15198,92,5,571.35,0,Clients VIP / fidèles
15199,59,10,3122.4,3,Clients VIP / fidèles
15200,495,1,549.05,1,Clients perdus / inactifs
15201,87,7,1842.95,0,Clients VIP / fidèles
15203,26,15,4400.18,3,Clients VIP / fidèles
15204,357,1,316.58,1,Clients perdus / inactifs
15205,85,2,653.24,2,Clients perdus / inactifs
15206,10,4,420.29999999999995,2,Clients perdus / inactifs
15207,416,3,683.9200000000001,1,Clients perdus / inactifs
15208,1,6,970.52,0,Clients VIP / fidèles
15209,730,1,178.98000000000002,1,Clients perdus / inactifs
15210,225,3,1176.19,0,Clients VIP / fidèles
15211,60,2,894.4100000000001,2,Clients perdus / inactifs
15212,241,2,208.28,2,Clients perdus / inactifs
15213,319,2,328.35,1,Clients perdus / inactifs
15214,2,8,1661.44,0,Clients VIP / fidèles
15215,47,7,2422.43,0,Clients VIP / fidèles
15216,88,2,486.09,2,Clients perdus / inactifs
15217,563,1,426.24,1,Clients perdus / inactifs
15218,11,22,11453.83,3,Clients VIP / fidèles
15219,176,2,685.45,2,Clients perdus / inactifs
15220,52,6,1778.96,0,Clients VIP / fidèles
15221,366,4,2062.2000000000003,0,Clients VIP / fidèles
15222,319,11,3550.91,0,Clients VIP / fidèles
15223,226,5,1417.95,0,Clients VIP / fidèles
15224,358,5,871.36,0,Clients VIP / fidèles
15225,234,1,409.40000000000003,2,Clients perdus / inactifs
15226,311,1,154.41,1,Clients perdus / inactifs
15227,37,9,2488.4900000000002,0,Clients VIP / fidèles
15228,66,6,5580.2699999999995,0,Clients VIP / fidèles
15229,586,1,160.5,1,Clients perdus / inactifs
15230,239,2,429.6,2,Clients perdus / inactifs
15231,621,1,250.26,1,Clients perdus / inactifs
15232,113,2,612.06,2,Clients perdus / inactifs
15233,401,1,59.400000000000006,1,Clients perdus / inactifs
15234,277,1,197.0,2,Clients perdus / inactifs
15235,218,16,2772.76,3,Clients VIP / fidèles
15236,299,1,321.05,1,Clients perdus / inactifs
15237,2,4,1412.32,0,Clients VIP / fidèles
15238,29,3,1071.99,0,Clients VIP / fidèles
15239,10,2,780.59,2,Clients perdus / inactifs
15240,45,12,4459.98,3,Clients VIP / fidèles
15241,67,11,3050.16,3,Clients VIP / fidèles
15242,422,1,302.04,1,Clients perdus / inactifs
15243,74,2,927.2800000000001,2,Clients perdus / inactifs
15244,65,3,912.08,0,Clients VIP / fidèles
15245,134,8,4610.84,0,Clients VIP / fidèles
15246,238,3,780.4,0,Clients VIP / fidèles
15247,122,3,976.06,0,Clients VIP / fidèles
15248,411,3,1893.93,1,Clients perdus / inactifs
15249,32,18,9266.0,3,Clients VIP / fidèles
15250,641,1,60.0,1,Clients perdus / inactifs
15251,9,21,20324.54,3,Clients VIP / fidèles
15252,36,5,2103.41,0,Clients VIP / fidèles
15253,16,8,2055.09,0,Clients VIP / fidèles
15254,127,3,1088.35,0,Clients VIP / fidèles
15255,67,9,3706.02,0,Clients VIP / fidèles
15256,149,2,170.4,2,Clients perdus / inactifs
15257,283,2,685.9,2,Clients perdus / inactifs
15258,169,2,623.16,2,Clients perdus / inactifs
15259,513,4,1182.3799999999999,1,Clients perdus / inactifs
15260,100,25,8767.73,3,Clients VIP / fidèles
15261,135,4,1508.0,0,Clients VIP / fidèles
15262,324,3,418.82,1,Clients perdus / inactifs
15263,107,1,156.51,2,Clients perdus / inactifs
15264,64,2,848.4,2,Clients perdus / inactifs
15265,151,4,3345.64,0,Clients VIP / fidèles
15266,338,5,852.21,0,Clients VIP / fidèles
15267,22,5,1717.36,0,Clients VIP / fidèles
15268,479,3,961.9000000000001,1,Clients perdus / inactifs
15269,24,3,1225.3600000000001,0,Clients VIP / fidèles
15270,16,21,8524.86,3,Clients VIP / fidèles
15271,7,24,4528.54,3,Clients VIP / fidèles
15272,57,6,2030.95,0,Clients VIP / fidèles
15273,600,1,228.96,1,Clients perdus / inactifs
15274,4,2,716.57,2,Clients perdus / inactifs
15275,38,1,615.14,2,Clients perdus / inactifs
15276,66,4,619.8,0,Clients VIP / fidèles
15277,47,2,476.34,2,Clients perdus / inactifs
15278,562,4,496.15999999999997,1,Clients perdus / inactifs
15279,355,5,1580.54,0,Clients VIP / fidèles
15280,172,3,397.52,2,Clients perdus / inactifs
15281,59,16,8543.57,3,Clients VIP / fidèles
15282,570,1,348.59,1,Clients perdus / inactifs
15283,390,3,148.33,1,Clients perdus / inactifs
15284,500,1,24.75,1,Clients perdus / inactifs
15285,408,1,94.92,1,Clients perdus / inactifs
15286,50,1,240.55,2,Clients perdus / inactifs
15287,22,5,856.03,0,Clients VIP / fidèles
15288,43,10,3706.53,3,Clients VIP / fidèles
15289,29,5,1593.09,0,Clients VIP / fidèles
15290,5,26,10496.28,3,Clients VIP / fidèles
15291,26,39,13472.76,3,Clients VIP / fidèles
15292,201,1,178.39,2,Clients perdus / inactifs
15293,666,1,247.5,1,Clients perdus / inactifs
15294,411,1,233.35,1,Clients perdus / inactifs
15295,654,1,207.04,1,Clients perdus / inactifs
15296,51,12,10323.03,3,Clients VIP / fidèles
15297,10,3,641.94,2,Clients perdus / inactifs
15298,2,23,9061.77,3,Clients VIP / fidèles
15299,67,9,5556.53,3,Clients VIP / fidèles
15300,64,1,496.44,2,Clients perdus / inactifs
15301,51,17,6909.67,3,Clients VIP / fidèles
15302,730,1,308.0,1,Clients perdus / inactifs
15303,290,3,1224.18,0,Clients VIP / fidèles
15304,61,9,796.4000000000001,0,Clients VIP / fidèles
15305,555,1,93.6,1,Clients perdus / inactifs
15306,64,9,3484.73,0,Clients VIP / fidèles
15307,96,1,205.3,2,Clients perdus / inactifs
15308,274,1,310.47,2,Clients perdus / inactifs
15309,611,4,797.96,1,Clients perdus / inactifs
15310,479,1,1634.64,1,Clients perdus / inactifs
15311,1,207,114671.42,3,Clients VIP / fidèles
15312,75,12,2930.19,3,Clients VIP / fidèles
15313,110,1,52.0,2,Clients perdus / inactifs
15314,199,3,820.4499999999999,0,Clients VIP / fidèles
15315,64,2,570.5,2,Clients perdus / inactifs
15316,327,1,165.0,1,Clients perdus / inactifs
15317,677,1,129.75,1,Clients perdus / inactifs
15318,4,1,312.62,2,Clients perdus / inactifs
15319,284,1,204.5,2,Clients perdus / inactifs
15320,44,1,267.13,2,Clients perdus / inactifs
15321,71,12,6709.7300000000005,3,Clients VIP / fidèles
15322,86,2,1390.86,0,Clients VIP / fidèles
15323,563,3,434.6,1,Clients perdus / inactifs
15324,701,1,140.22000000000003,1,Clients perdus / inactifs
15325,104,8,1601.46,0,Clients VIP / fidèles
15326,334,5,1700.52,0,Clients VIP / fidèles
15327,53,1,208.75,2,Clients perdus / inactifs
15328,408,1,107.24,1,Clients perdus / inactifs
15329,39,11,2958.83,3,Clients VIP / fidèles
15330,32,2,714.96,2,Clients perdus / inactifs
15331,500,3,767.91,1,Clients perdus / inactifs
15332,366,6,4892.68,0,Clients VIP / fidèles
15333,208,1,1028.56,2,Clients perdus / inactifs
15334,157,3,347.87,2,Clients perdus / inactifs
15335,54,1,170.22,2,Clients perdus / inactifs
15336,402,1,240.5,1,Clients perdus / inactifs
15337,411,1,373.02,1,Clients perdus / inactifs
15338,677,1,277.93,1,Clients perdus / inactifs
15339,66,7,1821.02,0,Clients VIP / fidèles
15340,562,1,105.5,1,Clients perdus / inactifs
15341,81,2,2402.7200000000003,0,Clients VIP / fidèles
15342,130,1,406.09,2,Clients perdus / inactifs
15343,87,1,364.5,2,Clients perdus / inactifs
15344,1,3,563.94,2,Clients perdus / inactifs
15345,46,1,393.54,2,Clients perdus / inactifs
15346,333,3,596.12,1,Clients perdus / inactifs
15347,366,4,1162.0,0,Clients VIP / fidèles
15348,72,1,158.04,2,Clients perdus / inactifs
15349,158,2,463.90999999999997,2,Clients perdus / inactifs
15350,373,2,547.6,1,Clients perdus / inactifs
15351,12,10,3430.22,3,Clients VIP / fidèles
15352,549,1,111.15,1,Clients perdus / inactifs
15353,255,7,2794.4700000000003,0,Clients VIP / fidèles
15355,29,2,277.05,2,Clients perdus / inactifs
15356,31,13,3239.57,3,Clients VIP / fidèles
15358,5,42,16425.86,3,Clients VIP / fidèles
15359,663,8,181.35,1,Clients perdus / inactifs
15360,40,1,427.93,2,Clients perdus / inactifs
15361,362,4,689.07,1,Clients perdus / inactifs
15362,449,2,613.08,1,Clients perdus / inactifs
15363,373,2,678.11,1,Clients perdus / inactifs
15364,96,2,913.19,2,Clients perdus / inactifs
15365,26,13,4557.13,3,Clients VIP / fidèles
15366,75,7,2389.08,0,Clients VIP / fidèles
15367,57,11,5081.33,3,Clients VIP / fidèles
15368,21,2,722.74,2,Clients perdus / inactifs
15369,492,11,6251.26,3,Clients VIP / fidèles
15370,41,8,3739.01,0,Clients VIP / fidèles
15371,662,1,59.400000000000006,1,Clients perdus / inactifs
15372,137,8,6017.06,3,Clients VIP / fidèles
15373,8,17,3084.54,3,Clients VIP / fidèles
15374,129,2,307.32,2,Clients perdus / inactifs
15375,690,1,60.959999999999994,1,Clients perdus / inactifs
15376,40,3,1221.56,0,Clients VIP / fidèles
15377,383,4,1211.75,1,Clients perdus / inactifs
15378,463,2,246.5,1,Clients perdus / inactifs
15379,169,8,4877.84,0,Clients VIP / fidèles
15380,9,11,3248.96,3,Clients VIP / fidèles
15381,214,5,1890.5700000000002,0,Clients VIP / fidèles
15382,15,12,13733.550000000001,3,Clients VIP / fidèles
15384,170,4,2027.79,0,Clients VIP / fidèles
15385,40,3,942.08,0,Clients VIP / fidèles
15386,186,1,394.14,2,Clients perdus / inactifs
15387,492,1,468.65,1,Clients perdus / inactifs
15388,270,1,140.54,2,Clients perdus / inactifs
15389,172,5,2733.8,0,Clients VIP / fidèles
15390,396,2,1216.66,1,Clients perdus / inactifs
15391,584,1,289.87,1,Clients perdus / inactifs
15392,5,7,2911.62,0,Clients VIP / fidèles
15393,16,5,891.34,0,Clients VIP / fidèles
15394,10,11,5286.8,3,Clients VIP / fidèles
15395,326,1,107.45,1,Clients perdus / inactifs
15396,113,2,796.38,2,Clients perdus / inactifs
15397,290,1,94.0,2,Clients perdus / inactifs
15398,16,2,1345.53,0,Clients VIP / fidèles
15399,1,3,815.77,0,Clients VIP / fidèles
15400,92,8,1302.3,0,Clients VIP / fidèles
15401,452,2,216.95000000000002,1,Clients perdus / inactifs
15402,149,6,1830.12,0,Clients VIP / fidèles
15403,492,2,170.88,1,Clients perdus / inactifs
15404,376,1,257.06,1,Clients perdus / inactifs
15405,189,2,659.84,2,Clients perdus / inactifs
15406,31,4,975.87,0,Clients VIP / fidèles
15407,34,4,1046.74,0,Clients VIP / fidèles
15408,264,1,267.18,2,Clients perdus / inactifs
15409,721,1,131.25,1,Clients perdus / inactifs
15410,84,10,4685.72,3,Clients VIP / fidèles
15411,26,4,1348.93,0,Clients VIP / fidèles
15412,171,1,190.53,2,Clients perdus / inactifs
15413,692,5,6798.72,1,Clients perdus / inactifs
15414,10,3,774.9000000000001,0,Clients VIP / fidèles
15415,313,1,559.61,1,Clients perdus / inactifs
15416,65,7,4572.82,0,Clients VIP / fidèles
15417,85,1,508.8,2,Clients perdus / inactifs
15418,425,2,449.42,1,Clients perdus / inactifs
15419,25,1,135.86,2,Clients perdus / inactifs
15420,434,6,743.0,1,Clients perdus / inactifs
15421,59,10,3805.34,3,Clients VIP / fidèles
15422,323,7,1619.97,0,Clients VIP / fidèles
15423,38,3,266.89,2,Clients perdus / inactifs
15424,254,3,597.78,2,Clients perdus / inactifs
15425,400,4,1941.1200000000001,0,Clients VIP / fidèles
15426,19,9,2156.35,0,Clients VIP / fidèles
15427,33,3,1430.54,0,Clients VIP / fidèles
15428,15,4,762.75,0,Clients VIP / fidèles
15429,27,2,397.35,2,Clients perdus / inactifs
15430,468,2,954.75,1,Clients perdus / inactifs
15431,503,1,153.24,1,Clients perdus / inactifs
15432,23,2,320.76,2,Clients perdus / inactifs
15433,214,2,533.3,2,Clients perdus / inactifs
15434,8,11,2567.06,3,Clients VIP / fidèles
15435,22,1,149.29,2,Clients perdus / inactifs
15436,12,3,1067.75,0,Clients VIP / fidèles
15437,262,2,393.45,2,Clients perdus / inactifs
15438,131,1,156.57999999999998,2,Clients perdus / inactifs
15439,405,4,1269.05,1,Clients perdus / inactifs
15440,55,3,383.68,2,Clients perdus / inactifs
15441,396,3,1254.21,1,Clients perdus / inactifs
15442,249,1,594.0,2,Clients perdus / inactifs
15443,2,14,5114.23,3,Clients VIP / fidèles
15444,9,2,1411.21,0,Clients VIP / fidèles
15445,264,2,284.5,2,Clients perdus / inactifs
15446,377,3,396.75,1,Clients perdus / inactifs
15447,331,5,492.88,1,Clients perdus / inactifs
15448,313,2,788.81,1,Clients perdus / inactifs
15449,26,3,974.52,0,Clients VIP / fidèles
15450,30,1,429.84,2,Clients perdus / inactifs
15451,434,2,226.86,1,Clients perdus / inactifs
15452,30,6,1785.1100000000001,0,Clients VIP / fidèles
15453,2,7,1371.77,0,Clients VIP / fidèles
15454,362,2,303.89,1,Clients perdus / inactifs
15455,598,1,38.25,1,Clients perdus / inactifs
15456,283,10,2091.52,0,Clients VIP / fidèles
15457,262,1,237.07,2,Clients perdus / inactifs
15458,25,2,370.43999999999994,2,Clients perdus / inactifs
15459,417,2,202.82999999999998,1,Clients perdus / inactifs
15460,354,1,214.26,1,Clients perdus / inactifs
15461,461,2,429.7,1,Clients perdus / inactifs
15462,94,4,737.05,0,Clients VIP / fidèles
15463,29,1,126.14,2,Clients perdus / inactifs
15464,338,1,1044.65,1,Clients perdus / inactifs
15465,20,32,12100.4,3,Clients VIP / fidèles
15466,85,4,1560.46,0,Clients VIP / fidèles
15467,9,3,524.88,2,Clients perdus / inactifs
15468,51,3,1430.48,0,Clients VIP / fidèles
15469,50,3,874.25,0,Clients VIP / fidèles
15470,576,1,63.419999999999995,1,Clients perdus / inactifs
15471,2,3,1292.01,0,Clients VIP / fidèles
15472,113,1,371.56,2,Clients perdus / inactifs
15473,14,8,2046.0,0,Clients VIP / fidèles
15474,596,1,150.35,1,Clients perdus / inactifs
15475,77,1,454.10999999999996,2,Clients perdus / inactifs
15476,380,4,2209.98,0,Clients VIP / fidèles
15477,650,1,368.4,1,Clients perdus / inactifs
15478,40,3,1940.98,0,Clients VIP / fidèles
15479,733,1,147.4,1,Clients perdus / inactifs
15480,116,3,3592.25,0,Clients VIP / fidèles
15481,401,1,1993.34,1,Clients perdus / inactifs
15482,16,18,14377.36,3,Clients VIP / fidèles
15483,161,10,810.68,0,Clients VIP / fidèles
15484,1,6,4652.1,0,Clients VIP / fidèles
15485,30,7,4810.92,0,Clients VIP / fidèles
15486,527,1,102.0,1,Clients perdus / inactifs
15487,680,1,231.32,1,Clients perdus / inactifs
15488,93,5,431.92,0,Clients VIP / fidèles
15489,23,8,2419.61,0,Clients VIP / fidèles
15490,430,1,210.85,1,Clients perdus / inactifs
15491,95,6,3100.09,0,Clients VIP / fidèles
15492,28,2,659.4599999999999,2,Clients perdus / inactifs
15493,33,9,4113.19,3,Clients VIP / fidèles
15494,21,5,3702.6,0,Clients VIP / fidèles
15495,379,1,246.5,1,Clients perdus / inactifs
15496,631,1,146.14000000000001,1,Clients perdus / inactifs
15497,18,9,8657.39,3,Clients VIP / fidèles
15498,3,44,24972.86,3,Clients VIP / fidèles
15499,724,1,158.65,1,Clients perdus / inactifs
15500,8,4,1131.56,0,Clients VIP / fidèles
15501,405,2,399.95,1,Clients perdus / inactifs
15502,16,12,9542.92,3,Clients VIP / fidèles
15503,363,2,257.3,1,Clients perdus / inactifs
15504,81,4,391.45,2,Clients perdus / inactifs
15505,53,5,3610.96,0,Clients VIP / fidèles
15506,23,6,2030.33,0,Clients VIP / fidèles
15507,172,1,475.86,2,Clients perdus / inactifs
15508,189,6,1000.27,0,Clients VIP / fidèles
15509,380,1,152.41,1,Clients perdus / inactifs
15510,331,1,250.0,1,Clients perdus / inactifs
15511,12,5,900.53,0,Clients VIP / fidèles
15512,156,4,331.58,2,Clients perdus / inactifs
15513,33,35,26437.05,3,Clients VIP / fidèles
15514,12,18,6388.28,3,Clients VIP / fidèles
15515,387,1,171.81,1,Clients perdus / inactifs
15516,45,3,62.43,2,Clients perdus / inactifs
15517,233,1,267.03,2,Clients perdus / inactifs
15518,64,15,4189.99,3,Clients VIP / fidèles
15519,383,2,344.61,1,Clients perdus / inactifs
15520,2,1,343.5,2,Clients perdus / inactifs
15521,40,16,7087.64,3,Clients VIP / fidèles
15522,33,2,397.99,2,Clients perdus / inactifs
15523,84,16,17259.19,3,Clients VIP / fidèles
15524,25,2,591.4,2,Clients perdus / inactifs
15525,2,4,887.72,0,Clients VIP / fidèles
15526,33,2,148.44,2,Clients perdus / inactifs
15527,19,23,5554.04,3,Clients VIP / fidèles
15528,254,1,229.33,2,Clients perdus / inactifs
15529,23,12,4781.11,3,Clients VIP / fidèles
15530,22,5,1808.68,0,Clients VIP / fidèles
15531,8,2,1972.39,0,Clients VIP / fidèles
15532,25,10,3717.2,3,Clients VIP / fidèles
15533,19,3,807.57,0,Clients VIP / fidèles
15534,726,1,162.25,1,Clients perdus / inactifs
15535,173,6,1044.3700000000001,0,Clients VIP / fidèles
15536,409,1,259.09,1,Clients perdus / inactifs
15537,163,1,110.92,2,Clients perdus / inactifs
15538,538,6,3358.3999999999996,1,Clients perdus / inactifs
15539,7,1,538.46,2,Clients perdus / inactifs
15540,11,2,460.68,2,Clients perdus / inactifs
15541,114,1,85.13000000000001,2,Clients perdus / inactifs
15542,512,3,855.71,1,Clients perdus / inactifs
15543,288,2,242.26,2,Clients perdus / inactifs
15544,9,20,7807.89,3,Clients VIP / fidèles
15545,54,2,288.96999999999997,2,Clients perdus / inactifs
15546,607,2,1079.1000000000001,1,Clients perdus / inactifs
15547,7,26,10002.65,3,Clients VIP / fidèles
15548,596,1,158.09,1,Clients perdus / inactifs
15549,77,8,2330.41,0,Clients VIP / fidèles
15550,4,12,2211.05,3,Clients VIP / fidèles
15551,37,7,1679.81,0,Clients VIP / fidèles
15552,217,2,252.52,2,Clients perdus / inactifs
15553,60,1,428.93,2,Clients perdus / inactifs
15554,278,1,217.2,2,Clients perdus / inactifs
15555,12,36,11233.78,3,Clients VIP / fidèles
15556,24,1,279.77,2,Clients perdus / inactifs
15557,29,1,468.91,2,Clients perdus / inactifs
15558,639,1,202.68,1,Clients perdus / inactifs
15559,568,1,1109.4,1,Clients perdus / inactifs
15560,398,2,153.52,1,Clients perdus / inactifs
15561,12,8,1934.3899999999999,0,Clients VIP / fidèles
15562,352,3,671.4300000000001,1,Clients perdus / inactifs
15563,22,6,2820.46,0,Clients VIP / fidèles
15564,463,2,70.74000000000001,1,Clients perdus / inactifs
15565,50,2,173.16,2,Clients perdus / inactifs
15566,393,2,227.87,1,Clients perdus / inactifs
15567,19,1,186.01,2,Clients perdus / inactifs
15568,3,3,758.29,0,Clients VIP / fidèles
15569,104,10,3583.45,3,Clients VIP / fidèles
15570,7,25,8736.49,3,Clients VIP / fidèles
15571,12,14,3892.35,3,Clients VIP / fidèles
15572,5,10,3965.2,3,Clients VIP / fidèles
15573,32,5,1180.47,0,Clients VIP / fidèles
15574,178,6,1101.44,0,Clients VIP / fidèles
15575,620,1,30.1,1,Clients perdus / inactifs
15576,38,1,921.37,2,Clients perdus / inactifs
15577,151,5,396.03000000000003,0,Clients VIP / fidèles
15578,162,1,127.1,2,Clients perdus / inactifs
15579,69,5,1250.63,0,Clients VIP / fidèles
15580,377,8,1375.39,0,Clients VIP / fidèles
15581,156,34,4505.16,3,Clients VIP / fidèles
15582,25,3,682.9100000000001,2,Clients perdus / inactifs
15583,376,1,95.96,1,Clients perdus / inactifs
15584,24,6,1268.2,0,Clients VIP / fidèles
15585,177,1,455.3,2,Clients perdus / inactifs
15586,593,3,1139.1,1,Clients perdus / inactifs
15587,50,7,1522.0800000000002,0,Clients VIP / fidèles
15588,678,1,579.6,1,Clients perdus / inactifs
15589,256,3,478.53000000000003,2,Clients perdus / inactifs
15590,382,5,1496.6,0,Clients VIP / fidèles
15591,583,3,217.9,1,Clients perdus / inactifs
15592,47,1,388.58,2,Clients perdus / inactifs
15593,71,1,199.8,2,Clients perdus / inactifs
15594,16,5,1771.78,0,Clients VIP / fidèles
15595,488,1,357.6,1,Clients perdus / inactifs
15596,101,9,2727.72,0,Clients VIP / fidèles
15597,35,2,563.37,2,Clients perdus / inactifs
15598,53,2,548.02,2,Clients perdus / inactifs
15599,27,3,1250.06,0,Clients VIP / fidèles
15600,428,4,1199.31,1,Clients perdus / inactifs
15601,11,30,14191.74,3,Clients VIP / fidèles
15602,8,16,3137.96,3,Clients VIP / fidèles
15603,79,2,88.48,2,Clients perdus / inactifs
15604,52,1,216.39,2,Clients perdus / inactifs
15605,36,9,1741.95,0,Clients VIP / fidèles
15606,61,17,5230.99,3,Clients VIP / fidèles
15607,337,9,1708.97,0,Clients VIP / fidèles
15608,28,5,1785.98,0,Clients VIP / fidèles
15609,184,1,298.48,2,Clients perdus / inactifs
15610,52,1,112.46000000000001,2,Clients perdus / inactifs
15611,10,24,2976.28,3,Clients VIP / fidèles
15612,36,2,195.15,2,Clients perdus / inactifs
15613,610,1,433.71999999999997,1,Clients perdus / inactifs
15614,438,4,3147.36,0,Clients VIP / fidèles
15615,10,47,21373.97,3,Clients VIP / fidèles
15616,438,1,317.11,1,Clients perdus / inactifs
15617,396,3,828.5500000000001,1,Clients perdus / inactifs
15618,33,4,776.85,0,Clients VIP / fidèles
15619,11,1,336.40000000000003,2,Clients perdus / inactifs
15620,57,4,1942.36,0,Clients VIP / fidèles
15621,4,4,1293.03,0,Clients VIP / fidèles
15622,43,17,7852.61,3,Clients VIP / fidèles
15623,141,8,2437.05,0,Clients VIP / fidèles
15624,117,4,588.13,0,Clients VIP / fidèles
15625,104,9,3236.4,0,Clients VIP / fidèles
15626,75,3,1067.52,0,Clients VIP / fidèles
15627,457,2,566.9,1,Clients perdus / inactifs
15628,5,17,5333.08,3,Clients VIP / fidèles
15629,450,4,2240.9,1,Clients perdus / inactifs
15630,45,3,1481.4,0,Clients VIP / fidèles
15631,642,1,596.67,1,Clients perdus / inactifs
15632,16,8,3285.31,0,Clients VIP / fidèles
15633,509,13,4335.96,3,Clients VIP / fidèles
15634,17,2,554.65,2,Clients perdus / inactifs
15635,396,1,100.35,1,Clients perdus / inactifs
15636,90,4,1444.58,0,Clients VIP / fidèles
15637,53,5,797.59,0,Clients VIP / fidèles
15638,379,6,2265.2,0,Clients VIP / fidèles
15639,134,3,1065.08,0,Clients VIP / fidèles
15640,4,29,23459.51,3,Clients VIP / fidèles
15641,105,12,5345.55,3,Clients VIP / fidèles
15642,730,1,105.78000000000002,1,Clients perdus / inactifs
15643,192,3,664.0,2,Clients perdus / inactifs
15644,166,4,803.54,0,Clients VIP / fidèles
15645,19,3,1054.75,0,Clients VIP / fidèles
15646,158,5,784.8100000000001,0,Clients VIP / fidèles
15647,415,1,169.0,1,Clients perdus / inactifs
15648,204,2,639.5,2,Clients perdus / inactifs
15649,336,4,1660.35,0,Clients VIP / fidèles
15650,522,2,553.88,1,Clients perdus / inactifs
15651,37,5,1259.06,0,Clients VIP / fidèles
15652,91,5,1405.94,0,Clients VIP / fidèles
15653,93,2,877.4399999999999,2,Clients perdus / inactifs
15654,9,2,922.53,2,Clients perdus / inactifs
15655,243,1,560.67,2,Clients perdus / inactifs
15656,45,4,748.5,0,Clients VIP / fidèles
15657,23,1,30.0,2,Clients perdus / inactifs
15658,190,8,2117.27,0,Clients VIP / fidèles
15659,44,3,532.49,2,Clients perdus / inactifs
15660,25,15,2603.69,3,Clients VIP / fidèles
15661,317,8,1215.95,0,Clients VIP / fidèles
15662,661,2,283.73,1,Clients perdus / inactifs
15663,106,1,138.14,2,Clients perdus / inactifs
15664,51,4,1231.53,0,Clients VIP / fidèles
15665,168,5,3987.07,0,Clients VIP / fidèles
15666,472,2,632.9399999999999,1,Clients perdus / inactifs
15667,40,1,301.32,2,Clients perdus / inactifs
15668,218,1,76.32000000000001,2,Clients perdus / inactifs
15669,40,4,684.34,0,Clients VIP / fidèles
15670,297,2,325.2,2,Clients perdus / inactifs
15671,19,7,2657.13,0,Clients VIP / fidèles
15672,725,1,45.300000000000004,1,Clients perdus / inactifs
15673,88,9,6204.32,3,Clients VIP / fidèles
15674,73,12,6613.52,3,Clients VIP / fidèles
15675,81,4,542.04,0,Clients VIP / fidèles
15676,19,3,3435.76,0,Clients VIP / fidèles
15677,49,3,1305.63,0,Clients VIP / fidèles
15678,53,3,1825.94,0,Clients VIP / fidèles
15679,24,4,781.28,0,Clients VIP / fidèles
15680,9,10,4028.69,3,Clients VIP / fidèles
15681,25,14,2989.7,3,Clients VIP / fidèles
15682,599,2,318.24,1,Clients perdus / inactifs
15683,117,2,524.54,2,Clients perdus / inactifs
15684,547,3,173.95,1,Clients perdus / inactifs
15685,450,1,55.980000000000004,1,Clients perdus / inactifs
15686,420,1,90.0,1,Clients perdus / inactifs
15687,9,9,2993.1,0,Clients VIP / fidèles
15688,419,1,190.57,1,Clients perdus / inactifs
15689,120,3,521.03,2,Clients perdus / inactifs
15690,4,2,239.76,2,Clients perdus / inactifs
15691,252,4,571.3,0,Clients VIP / fidèles
15692,28,1,191.04,2,Clients perdus / inactifs
15693,659,1,37.5,1,Clients perdus / inactifs
15694,1,23,9963.48,3,Clients VIP / fidèles
15695,267,4,1131.04,0,Clients VIP / fidèles
15696,33,13,3881.2200000000003,3,Clients VIP / fidèles
15697,690,1,246.75,1,Clients perdus / inactifs
15698,624,1,46.2,1,Clients perdus / inactifs
15699,18,1,309.65,2,Clients perdus / inactifs
15700,172,2,696.68,2,Clients perdus / inactifs
15701,2,4,1529.0,0,Clients VIP / fidèles
15702,476,1,112.57000000000001,1,Clients perdus / inactifs
15703,265,1,211.5,2,Clients perdus / inactifs
15704,140,6,3734.6600000000003,0,Clients VIP / fidèles
15705,201,1,143.1,2,Clients perdus / inactifs
15706,64,4,1060.56,0,Clients VIP / fidèles
15707,35,4,916.98,0,Clients VIP / fidèles
15708,41,9,3887.15,3,Clients VIP / fidèles
15709,284,2,327.85,2,Clients perdus / inactifs
15710,417,1,898.87,1,Clients perdus / inactifs
15711,557,2,420.25,1,Clients perdus / inactifs
15712,9,12,3472.4100000000003,3,Clients VIP / fidèles
15713,143,4,839.64,0,Clients VIP / fidèles
15714,12,5,783.96,0,Clients VIP / fidèles
15715,556,5,658.02,1,Clients perdus / inactifs
15716,146,11,2482.7400000000002,0,Clients VIP / fidèles
15717,234,5,607.0,0,Clients VIP / fidèles
15718,540,1,293.79,1,Clients perdus / inactifs
15719,33,31,10194.32,3,Clients VIP / fidèles
15720,24,2,739.22,2,Clients perdus / inactifs
15721,12,1,471.40000000000003,2,Clients perdus / inactifs
15722,36,11,5234.0,3,Clients VIP / fidèles
15723,365,4,930.7,1,Clients perdus / inactifs
15724,201,3,310.85,2,Clients perdus / inactifs
15725,15,1,415.25,2,Clients perdus / inactifs
15726,390,1,321.91,1,Clients perdus / inactifs
15727,17,15,9371.71,3,Clients VIP / fidèles
15728,380,2,544.6,1,Clients perdus / inactifs
15729,213,3,192.55,2,Clients perdus / inactifs
15730,66,5,1726.58,0,Clients VIP / fidèles
15731,554,1,125.3,1,Clients perdus / inactifs
15732,212,10,1543.97,0,Clients VIP / fidèles
15733,283,1,162.3,2,Clients perdus / inactifs
15734,115,4,2263.3,0,Clients VIP / fidèles
15735,421,1,327.68,1,Clients perdus / inactifs
15736,435,2,1767.12,1,Clients perdus / inactifs
15737,15,8,1188.1200000000001,0,Clients VIP / fidèles
15738,19,41,13043.32,3,Clients VIP / fidèles
15739,66,1,449.12,2,Clients perdus / inactifs
15740,49,1,154.88,2,Clients perdus / inactifs
15741,458,2,208.62,1,Clients perdus / inactifs
15742,619,1,156.87,1,Clients perdus / inactifs
15743,16,4,775.96,0,Clients VIP / fidèles
15744,78,1,34.8,2,Clients perdus / inactifs
15745,19,4,1094.59,0,Clients VIP / fidèles
15746,134,1,196.88,2,Clients perdus / inactifs
15747,13,9,2499.81,0,Clients VIP / fidèles
15748,40,3,609.8100000000001,2,Clients perdus / inactifs
15749,235,3,44534.3,3,Clients VIP / fidèles
15750,3,18,6452.99,3,Clients VIP / fidèles
15751,461,11,1380.44,0,Clients VIP / fidèles
15752,40,9,3924.91,3,Clients VIP / fidèles
15753,305,1,79.2,1,Clients perdus / inactifs
15754,51,9,3037.61,0,Clients VIP / fidèles
15755,10,17,5993.12,3,Clients VIP / fidèles
15756,61,4,528.01,0,Clients VIP / fidèles
15757,66,6,2940.36,0,Clients VIP / fidèles
15758,25,1,205.25,2,Clients perdus / inactifs
15759,218,7,830.9300000000001,0,Clients VIP / fidèles
15761,443,1,143.05,1,Clients perdus / inactifs
15762,65,2,583.75,2,Clients perdus / inactifs
15763,32,2,1086.92,2,Clients perdus / inactifs
15764,88,8,4503.08,0,Clients VIP / fidèles
15765,667,1,370.63,1,Clients perdus / inactifs
15766,64,3,831.06,0,Clients VIP / fidèles
15768,116,34,15308.89,3,Clients VIP / fidèles
15769,7,46,88612.52,3,Clients VIP / fidèles
15770,613,1,321.45,1,Clients perdus / inactifs
15771,604,3,1006.54,1,Clients perdus / inactifs
15772,418,1,280.88,1,Clients perdus / inactifs
15773,6,2,774.52,2,Clients perdus / inactifs
15774,69,6,1287.09,0,Clients VIP / fidèles
15775,245,2,150.5,2,Clients perdus / inactifs
15776,133,1,241.62,2,Clients perdus / inactifs
15777,241,7,1762.61,0,Clients VIP / fidèles
15778,431,1,307.95,1,Clients perdus / inactifs
15779,463,2,124.08000000000001,1,Clients perdus / inactifs
15780,184,3,475.28000000000003,2,Clients perdus / inactifs
15781,25,3,345.46,2,Clients perdus / inactifs
15782,10,4,4014.1,0,Clients VIP / fidèles
15783,11,1,246.3,2,Clients perdus / inactifs
15784,468,2,848.3299999999999,1,Clients perdus / inactifs
15785,33,16,5969.93,3,Clients VIP / fidèles
15786,46,5,8501.62,0,Clients VIP / fidèles
15787,26,3,933.26,0,Clients VIP / fidèles
15788,509,1,221.82999999999998,1,Clients perdus / inactifs
15789,358,6,1962.01,0,Clients VIP / fidèles
15790,10,1,218.75,2,Clients perdus / inactifs
15791,44,5,3608.34,0,Clients VIP / fidèles
15792,400,2,933.84,1,Clients perdus / inactifs
15793,15,8,2399.57,0,Clients VIP / fidèles
15794,736,2,777.0,1,Clients perdus / inactifs
15795,150,8,1979.8700000000001,0,Clients VIP / fidèles
15796,1,17,5170.63,3,Clients VIP / fidèles
15797,113,5,2806.08,0,Clients VIP / fidèles
15798,493,3,1535.37,1,Clients perdus / inactifs
15799,76,4,1421.34,0,Clients VIP / fidèles
15800,107,7,1227.07,0,Clients VIP / fidèles
15801,46,3,1063.95,0,Clients VIP / fidèles
15803,51,4,1929.66,0,Clients VIP / fidèles
15804,1,13,4206.39,3,Clients VIP / fidèles
15805,23,30,10148.93,3,Clients VIP / fidèles
15806,46,3,784.58,0,Clients VIP / fidèles
15807,50,5,1817.52,0,Clients VIP / fidèles
15808,306,21,17180.25,3,Clients VIP / fidèles
15809,36,7,1274.44,0,Clients VIP / fidèles
15810,79,8,2999.04,0,Clients VIP / fidèles
15811,22,7,3392.55,0,Clients VIP / fidèles
15812,107,12,5201.47,3,Clients VIP / fidèles
15813,208,2,1303.9099999999999,0,Clients VIP / fidèles
15814,17,6,2634.44,0,Clients VIP / fidèles
15815,64,5,2100.6,0,Clients VIP / fidèles
15816,542,2,144.14999999999998,1,Clients perdus / inactifs
15817,421,3,2766.4,1,Clients perdus / inactifs
15818,588,1,340.5,1,Clients perdus / inactifs
15819,49,10,3934.79,3,Clients VIP / fidèles
15820,320,1,206.98,1,Clients perdus / inactifs
15821,44,2,570.96,2,Clients perdus / inactifs
15822,3,6,1840.06,0,Clients VIP / fidèles
15823,729,2,3867.17,1,Clients perdus / inactifs
15824,453,2,890.94,1,Clients perdus / inactifs
15825,172,1,532.94,2,Clients perdus / inactifs
15826,56,4,2598.28,0,Clients VIP / fidèles
15827,73,28,3603.14,3,Clients VIP / fidèles
15828,375,1,1108.82,1,Clients perdus / inactifs
15829,99,2,636.14,2,Clients perdus / inactifs
15830,38,1,576.0,2,Clients perdus / inactifs
15831,58,3,794.64,0,Clients VIP / fidèles
15832,254,1,836.79,2,Clients perdus / inactifs
15833,738,1,80.4,1,Clients perdus / inactifs
15834,70,7,3761.89,0,Clients VIP / fidèles
15835,44,4,954.09,0,Clients VIP / fidèles
15836,50,1,137.37,2,Clients perdus / inactifs
15837,65,2,777.01,2,Clients perdus / inactifs
15838,11,34,73205.5,3,Clients VIP / fidèles
15839,33,3,1048.49,0,Clients VIP / fidèles
15840,59,2,355.56,2,Clients perdus / inactifs
15841,73,9,2742.41,0,Clients VIP / fidèles
15842,393,2,548.8,1,Clients perdus / inactifs
15843,304,1,118.95000000000002,1,Clients perdus / inactifs
15844,46,1,130.73999999999998,2,Clients perdus / inactifs
15845,18,11,4426.28,3,Clients VIP / fidèles
15846,385,1,107.01,1,Clients perdus / inactifs
15847,38,5,822.57,0,Clients VIP / fidèles
15848,622,1,137.99,1,Clients perdus / inactifs
15850,19,6,1006.75,0,Clients VIP / fidèles
15851,527,1,109.73,1,Clients perdus / inactifs
15852,187,3,257.26,2,Clients perdus / inactifs
15853,52,1,110.8,2,Clients perdus / inactifs
15854,4,21,5578.28,3,Clients VIP / fidèles
15855,137,6,1052.72,0,Clients VIP / fidèles
15856,4,52,32274.69,3,Clients VIP / fidèles
15857,19,2,570.48,2,Clients perdus / inactifs
15858,16,13,3552.41,3,Clients VIP / fidèles
15859,432,1,438.46,1,Clients perdus / inactifs
15860,41,17,2358.8,3,Clients VIP / fidèles
15861,12,12,4360.9,3,Clients VIP / fidèles
15862,8,13,2507.14,3,Clients VIP / fidèles
15863,26,5,355.1,2,Clients perdus / inactifs
15864,22,7,2180.76,0,Clients VIP / fidèles
15865,41,5,2241.42,0,Clients VIP / fidèles
15866,101,1,211.89,2,Clients perdus / inactifs
15867,5,31,8869.87,3,Clients VIP / fidèles
15868,583,1,94.53,1,Clients perdus / inactifs
15869,277,3,321.11,2,Clients perdus / inactifs
15870,33,4,857.46,0,Clients VIP / fidèles
15871,437,1,33.099999999999994,1,Clients perdus / inactifs
15872,15,4,729.25,0,Clients VIP / fidèles
15873,500,4,313.91999999999996,1,Clients perdus / inactifs
15874,64,21,11284.76,3,Clients VIP / fidèles
15875,646,1,108.52,1,Clients perdus / inactifs
15876,409,2,1449.1399999999999,1,Clients perdus / inactifs
15877,2,2,490.33,2,Clients perdus / inactifs
15878,562,2,330.77,1,Clients perdus / inactifs
15879,404,4,1137.8,1,Clients perdus / inactifs
15880,369,1,329.03000000000003,1,Clients perdus / inactifs
15881,312,5,501.39000000000004,0,Clients VIP / fidèles
15882,199,8,1122.38,0,Clients VIP / fidèles
15883,2,2,396.48,2,Clients perdus / inactifs
15884,432,2,244.60000000000002,1,Clients perdus / inactifs
15885,93,13,1921.82,0,Clients VIP / fidèles
15886,60,4,1052.8700000000001,0,Clients VIP / fidèles
15887,407,3,1027.15,1,Clients perdus / inactifs
15888,81,3,423.49,2,Clients perdus / inactifs
15889,157,8,1407.05,0,Clients VIP / fidèles
15890,395,5,535.65,1,Clients perdus / inactifs
15891,227,1,509.13,2,Clients perdus / inactifs
15892,669,1,128.2,1,Clients perdus / inactifs
15893,482,1,305.28000000000003,1,Clients perdus / inactifs
15894,253,2,257.6,2,Clients perdus / inactifs
15895,150,1,179.17,2,Clients perdus / inactifs
15897,194,2,208.59,2,Clients perdus / inactifs
15898,1,25,4992.7,3,Clients VIP / fidèles
15899,369,1,56.25,1,Clients perdus / inactifs
15900,24,4,886.5699999999999,0,Clients VIP / fidèles
15901,17,6,667.89,0,Clients VIP / fidèles
15902,380,1,145.01,1,Clients perdus / inactifs
15903,10,12,8939.84,3,Clients VIP / fidèles
15904,8,1,164.68,2,Clients perdus / inactifs
15905,543,1,114.69,1,Clients perdus / inactifs
15906,20,10,2530.19,0,Clients VIP / fidèles
15907,4,3,881.87,0,Clients VIP / fidèles
15908,491,2,758.62,1,Clients perdus / inactifs
15909,174,1,191.94,2,Clients perdus / inactifs
15910,1,15,2661.17,3,Clients VIP / fidèles
15911,624,8,1683.79,1,Clients perdus / inactifs
15912,178,9,1074.7,0,Clients VIP / fidèles
15913,534,1,6.300000000000001,1,Clients perdus / inactifs
15914,378,2,205.99,1,Clients perdus / inactifs
15915,402,1,364.24,1,Clients perdus / inactifs
15916,16,13,3145.2400000000002,3,Clients VIP / fidèles
15917,248,5,530.17,0,Clients VIP / fidèles
15918,191,3,582.88,2,Clients perdus / inactifs
15919,20,2,525.69,2,Clients perdus / inactifs
15920,154,8,565.19,0,Clients VIP / fidèles
15921,173,4,765.61,0,Clients VIP / fidèles
15922,373,1,369.5,1,Clients perdus / inactifs
15923,373,1,127.08,1,Clients perdus / inactifs
15924,731,1,102.82,1,Clients perdus / inactifs
15925,194,1,207.15,2,Clients perdus / inactifs
15926,542,1,134.44,1,Clients perdus / inactifs
15927,647,1,106.54,1,Clients perdus / inactifs
15928,656,1,293.53,1,Clients perdus / inactifs
15929,644,1,594.0,1,Clients perdus / inactifs
15930,67,1,426.63,2,Clients perdus / inactifs
15931,428,1,239.9,1,Clients perdus / inactifs
15932,4,8,2495.87,0,Clients VIP / fidèles
15933,21,3,1107.46,0,Clients VIP / fidèles
15934,418,2,2190.66,1,Clients perdus / inactifs
15935,239,1,108.03999999999999,2,Clients perdus / inactifs
15936,379,2,282.79,1,Clients perdus / inactifs
15937,64,1,145.35,2,Clients perdus / inactifs
15938,112,9,734.81,0,Clients VIP / fidèles
15939,90,15,9004.84,3,Clients VIP / fidèles
15940,311,1,35.8,1,Clients perdus / inactifs
15941,637,1,405.0,1,Clients perdus / inactifs
15942,134,1,337.44,2,Clients perdus / inactifs
15943,650,2,271.28999999999996,1,Clients perdus / inactifs
15944,277,4,2164.24,0,Clients VIP / fidèles
15945,365,4,646.27,1,Clients perdus / inactifs
15946,503,3,2304.18,1,Clients perdus / inactifs
15947,83,1,1708.24,2,Clients perdus / inactifs
15948,8,3,1509.0900000000001,0,Clients VIP / fidèles
15949,17,2,364.72,2,Clients perdus / inactifs
15950,32,10,7120.91,3,Clients VIP / fidèles
15951,9,3,1013.17,0,Clients VIP / fidèles
15952,34,4,781.91,0,Clients VIP / fidèles
15953,15,18,3440.3399999999997,3,Clients VIP / fidèles
15954,589,1,187.8,1,Clients perdus / inactifs
15955,24,22,8085.9800000000005,3,Clients VIP / fidèles
15956,551,2,617.6,1,Clients perdus / inactifs
15957,32,3,921.25,0,Clients VIP / fidèles
15958,74,4,462.12,2,Clients perdus / inactifs
15959,682,3,542.89,1,Clients perdus / inactifs
15960,374,4,410.95,1,Clients perdus / inactifs
15961,379,1,451.28999999999996,1,Clients perdus / inactifs
15962,449,1,289.48,1,Clients perdus / inactifs
15963,20,2,470.76,2,Clients perdus / inactifs
15964,663,1,269.21000000000004,1,Clients perdus / inactifs
15965,17,13,2771.94,3,Clients VIP / fidèles
15966,451,1,426.53000000000003,1,Clients perdus / inactifs
15967,23,12,2966.0,3,Clients VIP / fidèles
15968,388,1,401.8,1,Clients perdus / inactifs
15969,3,5,1127.05,0,Clients VIP / fidèles
15970,304,2,1017.32,1,Clients perdus / inactifs
15971,18,18,5897.88,3,Clients VIP / fidèles
15972,456,5,1769.33,1,Clients perdus / inactifs
15973,367,2,665.62,1,Clients perdus / inactifs
15974,39,7,3442.15,0,Clients VIP / fidèles
15975,84,1,371.01,2,Clients perdus / inactifs
15976,165,6,1680.31,0,Clients VIP / fidèles
15977,17,2,1054.73,2,Clients perdus / inactifs
15978,77,3,3279.42,0,Clients VIP / fidèles
15979,603,1,329.22,1,Clients perdus / inactifs
15980,89,7,6543.68,3,Clients VIP / fidèles
15981,25,21,9362.77,3,Clients VIP / fidèles
15982,605,1,324.51,1,Clients perdus / inactifs
15983,22,8,3110.37,0,Clients VIP / fidèles
15984,3,30,8393.02,3,Clients VIP / fidèles
15985,123,7,2715.28,0,Clients VIP / fidèles
15986,30,2,354.42,2,Clients perdus / inactifs
15987,12,8,1535.99,0,Clients VIP / fidèles
15988,19,3,736.39,0,Clients VIP / fidèles
15989,376,2,368.31,1,Clients perdus / inactifs
15990,44,7,1997.75,0,Clients VIP / fidèles
15991,534,1,150.55,1,Clients perdus / inactifs
15992,4,3,896.6,0,Clients VIP / fidèles
15993,9,7,2768.97,0,Clients VIP / fidèles
15994,55,3,1175.68,0,Clients VIP / fidèles
15995,414,1,694.54,1,Clients perdus / inactifs
15996,88,7,1386.4,0,Clients VIP / fidèles
15998,37,16,8274.14,3,Clients VIP / fidèles
15999,736,1,20.4,1,Clients perdus / inactifs
16000,3,3,12393.7,0,Clients VIP / fidèles
16001,381,1,583.39,1,Clients perdus / inactifs
16002,625,1,169.21,1,Clients perdus / inactifs
16003,30,10,5613.83,3,Clients VIP / fidèles
16004,475,5,2146.39,1,Clients perdus / inactifs
16005,12,10,2365.07,0,Clients VIP / fidèles
16006,211,2,332.82,2,Clients perdus / inactifs
16007,48,7,3053.06,0,Clients VIP / fidèles
16008,24,15,5339.13,3,Clients VIP / fidèles
16009,22,4,972.11,0,Clients VIP / fidèles
16010,246,11,1694.86,0,Clients VIP / fidèles
16011,8,29,5599.31,3,Clients VIP / fidèles
16012,35,5,2978.59,0,Clients VIP / fidèles
16013,4,84,56078.44,3,Clients VIP / fidèles
16014,38,5,1100.28,0,Clients VIP / fidèles
16015,4,3,704.26,2,Clients perdus / inactifs
16016,3,11,2083.4,0,Clients VIP / fidèles
16017,47,5,1545.58,0,Clients VIP / fidèles
16018,39,4,698.13,0,Clients VIP / fidèles
16019,47,27,17329.16,3,Clients VIP / fidèles
16020,17,3,851.01,0,Clients VIP / fidèles
16021,395,2,487.03,1,Clients perdus / inactifs
16022,260,1,602.63,2,Clients perdus / inactifs
16023,46,3,719.81,2,Clients perdus / inactifs
16024,12,3,478.71,2,Clients perdus / inactifs
16025,30,1,439.65999999999997,2,Clients perdus / inactifs
16026,43,1,236.09,2,Clients perdus / inactifs
16027,92,15,2048.36,3,Clients VIP / fidèles
16028,596,1,82.2,1,Clients perdus / inactifs
16029,39,106,109620.87,3,Clients VIP / fidèles
16030,310,1,331.24,1,Clients perdus / inactifs
16031,92,2,547.9,2,Clients perdus / inactifs
16032,456,6,1965.72,0,Clients VIP / fidèles
16033,6,27,10608.81,3,Clients VIP / fidèles
16034,196,6,911.3199999999999,0,Clients VIP / fidèles
16035,560,1,217.73,1,Clients perdus / inactifs
16036,87,4,2556.84,0,Clients VIP / fidèles
16037,270,5,1509.34,0,Clients VIP / fidèles
16038,8,3,471.78000000000003,2,Clients perdus / inactifs
16039,424,2,456.4,1,Clients perdus / inactifs
16040,65,7,2416.9,0,Clients VIP / fidèles
16041,31,3,3166.4,0,Clients VIP / fidèles
16042,22,8,2245.32,0,Clients VIP / fidèles
16043,38,8,1856.5900000000001,0,Clients VIP / fidèles
16044,435,1,340.84000000000003,1,Clients perdus / inactifs
16045,120,8,3434.9300000000003,0,Clients VIP / fidèles
16046,562,1,235.78,1,Clients perdus / inactifs
16048,373,4,818.7900000000001,1,Clients perdus / inactifs
16049,40,6,1852.15,0,Clients VIP / fidèles
16050,174,3,300.7,2,Clients perdus / inactifs
16051,682,1,188.44,1,Clients perdus / inactifs
16052,54,1,362.06,2,Clients perdus / inactifs
16053,33,6,3634.84,0,Clients VIP / fidèles
16054,145,4,2111.88,0,Clients VIP / fidèles
16055,221,1,134.8,2,Clients perdus / inactifs
16056,45,1,650.75,2,Clients perdus / inactifs
16057,16,10,3854.85,3,Clients VIP / fidèles
16058,406,1,62.7,1,Clients perdus / inactifs
16059,66,12,3053.57,3,Clients VIP / fidèles
16060,401,3,541.95,1,Clients perdus / inactifs
16061,431,1,89.65,1,Clients perdus / inactifs
16062,10,8,2863.45,0,Clients VIP / fidèles
16063,260,1,335.32,2,Clients perdus / inactifs
16064,725,1,109.31,1,Clients perdus / inactifs
16065,365,8,1992.13,0,Clients VIP / fidèles
16066,17,5,1521.04,0,Clients VIP / fidèles
16067,563,3,3269.11,1,Clients perdus / inactifs
16068,594,1,115.73,1,Clients perdus / inactifs
16069,418,1,457.7,1,Clients perdus / inactifs
16070,22,2,852.15,2,Clients perdus / inactifs
16071,45,4,1076.8,0,Clients VIP / fidèles
16072,288,4,4180.09,0,Clients VIP / fidèles
16073,297,1,122.39999999999999,1,Clients perdus / inactifs
16074,390,1,252.5,1,Clients perdus / inactifs
16075,503,2,736.9300000000001,1,Clients perdus / inactifs
16076,3,10,2234.73,0,Clients VIP / fidèles
16077,626,1,2300.4,1,Clients perdus / inactifs
16078,284,2,362.99,2,Clients perdus / inactifs
16079,17,3,1352.0,0,Clients VIP / fidèles
16080,82,4,602.5600000000001,0,Clients VIP / fidèles
16081,56,8,4278.96,0,Clients VIP / fidèles
16082,670,1,106.75,1,Clients perdus / inactifs
16083,101,4,2351.42,0,Clients VIP / fidèles
16084,299,1,436.18,1,Clients perdus / inactifs
16085,23,12,2324.71,3,Clients VIP / fidèles
16086,59,10,2687.73,0,Clients VIP / fidèles
16087,389,5,1739.92,0,Clients VIP / fidèles
16088,576,2,1437.43,1,Clients perdus / inactifs
16089,386,2,263.49,1,Clients perdus / inactifs
16090,624,1,180.56,1,Clients perdus / inactifs
16091,155,2,315.06,2,Clients perdus / inactifs
16092,115,6,1587.94,0,Clients VIP / fidèles
16093,107,1,17.0,2,Clients perdus / inactifs
16094,12,11,3695.56,3,Clients VIP / fidèles
16095,456,1,447.05,1,Clients perdus / inactifs
16096,264,4,1584.97,0,Clients VIP / fidèles
16097,240,1,185.04999999999998,2,Clients perdus / inactifs
16098,88,14,4010.7,3,Clients VIP / fidèles
16099,50,7,1573.2,0,Clients VIP / fidèles
16100,463,1,582.64,1,Clients perdus / inactifs
16101,71,4,3229.16,0,Clients VIP / fidèles
16102,42,3,1842.14,0,Clients VIP / fidèles
16103,7,22,6191.71,3,Clients VIP / fidèles
16104,62,9,2774.46,0,Clients VIP / fidèles
16105,249,5,2386.19,0,Clients VIP / fidèles
16106,66,1,108.38,2,Clients perdus / inactifs
16107,18,7,3204.1600000000003,0,Clients VIP / fidèles
16108,85,4,2235.92,0,Clients VIP / fidèles
16109,219,3,939.48,0,Clients VIP / fidèles
16110,45,4,1781.59,0,Clients VIP / fidèles
16111,428,1,549.33,1,Clients perdus / inactifs
16112,143,4,195.73999999999998,2,Clients perdus / inactifs
16113,183,1,161.38,2,Clients perdus / inactifs
16114,171,1,135.75000000000003,2,Clients perdus / inactifs
16115,10,12,2553.8,3,Clients VIP / fidèles
16116,212,1,612.78,2,Clients perdus / inactifs
16117,190,3,654.4,2,Clients perdus / inactifs
16118,653,1,4376.25,1,Clients perdus / inactifs
16119,8,8,1720.81,0,Clients VIP / fidèles
16120,59,6,2967.51,0,Clients VIP / fidèles
16121,57,5,1450.04,0,Clients VIP / fidèles
16122,73,6,895.62,0,Clients VIP / fidèles
16123,52,1,307.78,2,Clients perdus / inactifs
16124,317,4,1772.49,0,Clients VIP / fidèles
16125,367,14,4292.35,3,Clients VIP / fidèles
16126,29,15,14644.6,3,Clients VIP / fidèles
16127,39,2,801.31,2,Clients perdus / inactifs
16128,18,11,3801.05,3,Clients VIP / fidèles
16129,407,3,1396.05,1,Clients perdus / inactifs
16130,422,4,987.48,1,Clients perdus / inactifs
16131,52,12,9957.42,3,Clients VIP / fidèles
16132,544,2,664.1999999999999,1,Clients perdus / inactifs
16133,4,56,22992.260000000002,3,Clients VIP / fidèles
16134,22,5,2145.34,0,Clients VIP / fidèles
16135,263,2,819.45,2,Clients perdus / inactifs
16136,60,4,946.8,0,Clients VIP / fidèles
16137,680,1,422.7,1,Clients perdus / inactifs
16138,379,3,910.35,1,Clients perdus / inactifs
16139,19,5,1111.15,0,Clients VIP / fidèles
16140,66,3,1433.46,0,Clients VIP / fidèles
16141,88,2,955.94,2,Clients perdus / inactifs
16142,250,1,535.34,2,Clients perdus / inactifs
16143,3,12,4555.08,3,Clients VIP / fidèles
16144,247,1,175.2,2,Clients perdus / inactifs
16145,9,19,6805.4400000000005,3,Clients VIP / fidèles
16146,157,4,946.38,0,Clients VIP / fidèles
16147,134,5,2398.91,0,Clients VIP / fidèles
16148,296,2,386.62,2,Clients perdus / inactifs
16149,5,3,422.22,2,Clients perdus / inactifs
16150,43,10,4002.17,3,Clients VIP / fidèles
16152,269,1,1829.04,2,Clients perdus / inactifs
16153,50,11,5133.49,3,Clients VIP / fidèles
16155,382,5,796.9,1,Clients perdus / inactifs
16156,9,20,6188.18,3,Clients VIP / fidèles
16157,16,3,656.69,2,Clients perdus / inactifs
16158,522,9,628.32,1,Clients perdus / inactifs
16159,282,4,1232.79,0,Clients VIP / fidèles
16160,65,2,1025.44,2,Clients perdus / inactifs
16161,2,43,12580.06,3,Clients VIP / fidèles
16162,252,1,37.4,2,Clients perdus / inactifs
16163,232,6,2407.98,0,Clients VIP / fidèles
16164,17,3,822.48,0,Clients VIP / fidèles
16165,505,1,79.9,1,Clients perdus / inactifs
16166,428,2,435.83,1,Clients perdus / inactifs
16167,414,5,1386.1200000000001,0,Clients VIP / fidèles
16168,11,66,10360.67,3,Clients VIP / fidèles
16169,8,4,1822.97,0,Clients VIP / fidèles
16170,51,20,6869.0,3,Clients VIP / fidèles
16171,59,1,73.2,2,Clients perdus / inactifs
16172,95,8,1884.55,0,Clients VIP / fidèles
16173,16,6,1418.32,0,Clients VIP / fidèles
16174,126,7,2246.75,0,Clients VIP / fidèles
16175,94,7,1836.44,0,Clients VIP / fidèles
16176,421,4,2052.69,0,Clients VIP / fidèles
16177,50,8,2247.31,0,Clients VIP / fidèles
16178,138,2,612.6,2,Clients perdus / inactifs
16179,61,1,215.83,2,Clients perdus / inactifs
16180,100,13,16249.87,3,Clients VIP / fidèles
16181,73,1,305.54,2,Clients perdus / inactifs
16182,72,9,9971.65,3,Clients VIP / fidèles
16183,67,4,1077.81,0,Clients VIP / fidèles
16184,64,6,1158.79,0,Clients VIP / fidèles
16185,17,3,644.72,2,Clients perdus / inactifs
16186,23,26,8718.43,3,Clients VIP / fidèles
16187,32,15,6911.4400000000005,3,Clients VIP / fidèles
16188,45,5,1087.66,0,Clients VIP / fidèles
16189,16,2,215.48,2,Clients perdus / inactifs
16190,40,8,2723.55,0,Clients VIP / fidèles
16191,3,24,15677.82,3,Clients VIP / fidèles
16192,736,1,351.3,1,Clients perdus / inactifs
16193,237,2,630.43,2,Clients perdus / inactifs
16194,375,1,308.59999999999997,1,Clients perdus / inactifs
16195,723,1,323.25,1,Clients perdus / inactifs
16196,489,1,93.3,1,Clients perdus / inactifs
16197,469,9,2016.71,0,Clients VIP / fidèles
16198,75,2,1030.04,2,Clients perdus / inactifs
16199,392,7,942.75,0,Clients VIP / fidèles
16200,4,12,5608.1,3,Clients VIP / fidèles
16201,3,5,2112.12,0,Clients VIP / fidèles
16202,361,9,2501.9900000000002,0,Clients VIP / fidèles
16203,59,6,943.84,0,Clients VIP / fidèles
16204,23,3,918.71,0,Clients VIP / fidèles
16205,31,7,1813.51,0,Clients VIP / fidèles
16206,55,13,2577.12,3,Clients VIP / fidèles
16207,25,1,394.38,2,Clients perdus / inactifs
16208,45,10,3440.45,3,Clients VIP / fidèles
16209,89,9,4146.78,3,Clients VIP / fidèles
16210,2,33,33730.97,3,Clients VIP / fidèles
16211,89,3,1090.59,0,Clients VIP / fidèles
16212,19,4,1293.71,0,Clients VIP / fidèles
16213,79,1,159.0,2,Clients perdus / inactifs
16214,171,4,2038.25,0,Clients VIP / fidèles
16215,81,1,242.35,2,Clients perdus / inactifs
16216,267,1,914.9300000000001,2,Clients perdus / inactifs
16217,235,2,304.25,2,Clients perdus / inactifs
16218,30,13,3968.67,3,Clients VIP / fidèles
16219,501,1,40.8,1,Clients perdus / inactifs
16221,37,9,2018.47,0,Clients VIP / fidèles
16222,318,2,1272.05,1,Clients perdus / inactifs
16223,375,2,1087.05,1,Clients perdus / inactifs
16224,57,5,1616.54,0,Clients VIP / fidèles
16225,45,15,2859.31,3,Clients VIP / fidèles
16226,203,5,672.1700000000001,0,Clients VIP / fidèles
16227,225,3,1027.22,0,Clients VIP / fidèles
16228,385,3,885.71,1,Clients perdus / inactifs
16229,87,6,2867.86,0,Clients VIP / fidèles
16230,190,2,542.03,2,Clients perdus / inactifs
16231,379,4,1074.47,1,Clients perdus / inactifs
16232,44,7,2712.97,0,Clients VIP / fidèles
16233,71,9,1818.31,0,Clients VIP / fidèles
16234,476,3,333.18,1,Clients perdus / inactifs
16235,41,8,2043.71,0,Clients VIP / fidèles
16236,78,1,432.2,2,Clients perdus / inactifs
16237,437,1,136.65,1,Clients perdus / inactifs
16238,423,1,63.66,1,Clients perdus / inactifs
16239,57,6,1492.2,0,Clients VIP / fidèles
16240,24,2,3718.8,0,Clients VIP / fidèles
16241,10,16,3989.81,3,Clients VIP / fidèles
16242,8,14,7404.65,3,Clients VIP / fidèles
16243,34,2,409.1,2,Clients perdus / inactifs
16244,212,2,1522.75,0,Clients VIP / fidèles
16245,24,3,1413.66,0,Clients VIP / fidèles
16246,460,2,821.35,1,Clients perdus / inactifs
16247,170,1,114.56,2,Clients perdus / inactifs
16248,62,1,152.94,2,Clients perdus / inactifs
16249,53,5,1800.07,0,Clients VIP / fidèles
16250,261,3,565.24,2,Clients perdus / inactifs
16251,512,1,128.31,1,Clients perdus / inactifs
16252,383,1,295.09000000000003,1,Clients perdus / inactifs
16253,67,7,7272.2,3,Clients VIP / fidèles
16254,378,3,967.44,1,Clients perdus / inactifs
16255,17,15,4530.0,3,Clients VIP / fidèles
16256,267,3,1629.37,0,Clients VIP / fidèles
16257,177,1,46.95,2,Clients perdus / inactifs
16258,45,15,11942.52,3,Clients VIP / fidèles
16259,410,3,340.94,1,Clients perdus / inactifs
16260,51,1,1035.45,2,Clients perdus / inactifs
16261,17,6,1041.16,0,Clients VIP / fidèles
16262,378,1,755.15,1,Clients perdus / inactifs
16263,423,1,348.16,1,Clients perdus / inactifs
16264,438,2,823.53,1,Clients perdus / inactifs
16265,9,12,6935.17,3,Clients VIP / fidèles
16266,74,14,1757.95,3,Clients VIP / fidèles
16267,591,1,186.66,1,Clients perdus / inactifs
16268,71,2,667.65,2,Clients perdus / inactifs
16269,438,1,717.57,1,Clients perdus / inactifs
16270,353,1,1141.24,1,Clients perdus / inactifs
16271,16,8,3367.82,0,Clients VIP / fidèles
16272,117,1,411.7,2,Clients perdus / inactifs
16273,648,2,318.34000000000003,1,Clients perdus / inactifs
16274,373,1,331.55,1,Clients perdus / inactifs
16275,197,3,2151.11,0,Clients VIP / fidèles
16276,177,3,2629.3900000000003,0,Clients VIP / fidèles
16277,734,1,188.69,1,Clients perdus / inactifs
16278,100,3,1117.84,0,Clients VIP / fidèles
16279,21,9,5698.28,3,Clients VIP / fidèles
16280,725,1,238.05,1,Clients perdus / inactifs
16281,72,3,3424.02,0,Clients VIP / fidèles
16282,340,3,1307.58,0,Clients VIP / fidèles
16283,6,8,4348.62,0,Clients VIP / fidèles
16284,31,3,1018.48,0,Clients VIP / fidèles
16285,646,1,176.9,1,Clients perdus / inactifs
16286,477,2,328.95,1,Clients perdus / inactifs
16287,170,5,1006.98,0,Clients VIP / fidèles
16288,470,1,129.85,1,Clients perdus / inactifs
16289,462,1,136.31,1,Clients perdus / inactifs
16290,465,4,1957.7,1,Clients perdus / inactifs
16292,122,5,1253.76,0,Clients VIP / fidèles
16293,22,15,4279.2,3,Clients VIP / fidèles
16294,477,1,126.05000000000001,1,Clients perdus / inactifs
16295,10,4,1328.55,0,Clients VIP / fidèles
16296,626,4,1313.67,1,Clients perdus / inactifs
16297,269,1,301.9,2,Clients perdus / inactifs
16298,23,7,1085.7,0,Clients VIP / fidèles
16299,477,1,193.65,1,Clients perdus / inactifs
16300,430,3,1367.32,1,Clients perdus / inactifs
16301,737,1,107.33,1,Clients perdus / inactifs
16302,127,1,233.22,2,Clients perdus / inactifs
16303,26,7,7928.27,3,Clients VIP / fidèles
16304,695,1,381.66,1,Clients perdus / inactifs
16305,139,1,361.21999999999997,2,Clients perdus / inactifs
16306,214,7,1124.72,0,Clients VIP / fidèles
16307,429,3,1194.92,1,Clients perdus / inactifs
16308,38,7,5120.0,0,Clients VIP / fidèles
16309,106,2,706.57,2,Clients perdus / inactifs
16310,414,2,460.08,1,Clients perdus / inactifs
16311,18,2,616.26,2,Clients perdus / inactifs
16312,432,1,171.15,1,Clients perdus / inactifs
16313,3,2,274.15000000000003,2,Clients perdus / inactifs
16314,390,3,1491.4,1,Clients perdus / inactifs
16315,331,2,402.71,1,Clients perdus / inactifs
16316,64,13,5744.91,3,Clients VIP / fidèles
16317,120,5,2192.51,0,Clients VIP / fidèles
16318,35,1,328.15,2,Clients perdus / inactifs
16319,218,1,404.40000000000003,2,Clients perdus / inactifs
16320,172,6,5628.99,0,Clients VIP / fidèles
16321,72,7,604.5500000000001,0,Clients VIP / fidèles
16322,1,2,326.75,2,Clients perdus / inactifs
16323,196,2,353.66,2,Clients perdus / inactifs
16324,128,3,408.59000000000003,2,Clients perdus / inactifs
16325,47,12,3597.5,3,Clients VIP / fidèles
16326,6,24,4626.25,3,Clients VIP / fidèles
16327,14,16,10129.04,3,Clients VIP / fidèles
16328,563,1,310.83,1,Clients perdus / inactifs
16329,428,4,1664.92,1,Clients perdus / inactifs
16330,18,7,625.38,0,Clients VIP / fidèles
16331,432,6,2037.7,0,Clients VIP / fidèles
16332,28,11,1997.49,0,Clients VIP / fidèles
16333,8,22,26626.8,3,Clients VIP / fidèles
16334,492,1,263.73,1,Clients perdus / inactifs
16335,552,7,2753.52,1,Clients perdus / inactifs
16336,421,4,3517.69,0,Clients VIP / fidèles
16337,37,1,151.05,2,Clients perdus / inactifs
16338,157,1,214.79999999999998,2,Clients perdus / inactifs
16339,284,1,94.05,2,Clients perdus / inactifs
16340,107,3,1496.24,0,Clients VIP / fidèles
16341,25,7,3850.79,0,Clients VIP / fidèles
16342,75,4,322.41,2,Clients perdus / inactifs
16343,16,3,614.12,2,Clients perdus / inactifs
16344,158,4,842.42,0,Clients VIP / fidèles
16345,44,2,1178.79,0,Clients VIP / fidèles
16346,385,1,224.51,1,Clients perdus / inactifs
16347,11,11,3442.96,3,Clients VIP / fidèles
16348,32,8,1742.08,0,Clients VIP / fidèles
16349,291,1,53.5,2,Clients perdus / inactifs
16350,21,9,2253.89,0,Clients VIP / fidèles
16351,333,13,3330.0299999999997,3,Clients VIP / fidèles
16352,18,2,494.44,2,Clients perdus / inactifs
16353,4,38,9795.460000000001,3,Clients VIP / fidèles
16354,63,5,1119.46,0,Clients VIP / fidèles
16355,375,1,416.35,1,Clients perdus / inactifs
16356,198,6,415.87,0,Clients VIP / fidèles
16357,33,4,868.37,0,Clients VIP / fidèles
16358,1,5,2919.65,0,Clients VIP / fidèles
16359,7,16,2697.75,3,Clients VIP / fidèles
16360,5,6,3450.41,0,Clients VIP / fidèles
16361,10,4,891.21,0,Clients VIP / fidèles
16362,32,6,922.16,0,Clients VIP / fidèles
16363,53,1,109.36000000000001,2,Clients perdus / inactifs
16364,12,2,705.79,2,Clients perdus / inactifs
16365,18,15,3167.34,3,Clients VIP / fidèles
16366,19,4,1548.1299999999999,0,Clients VIP / fidèles
16367,37,3,1350.48,0,Clients VIP / fidèles
16368,2,3,621.44,2,Clients perdus / inactifs
16369,18,7,2654.48,0,Clients VIP / fidèles
16370,82,4,1301.91,0,Clients VIP / fidèles
16371,449,1,157.2,1,Clients perdus / inactifs
16372,33,5,1290.31,0,Clients VIP / fidèles
16373,382,2,309.49,1,Clients perdus / inactifs
16374,66,5,1709.55,0,Clients VIP / fidèles
16375,470,2,104.0,1,Clients perdus / inactifs
16376,9,2,974.96,2,Clients perdus / inactifs
16377,267,2,1308.48,0,Clients VIP / fidèles
16378,247,3,362.95,2,Clients perdus / inactifs
16379,4,4,2157.4,0,Clients VIP / fidèles
16380,61,1,1743.1499999999999,2,Clients perdus / inactifs
16381,396,2,247.85,1,Clients perdus / inactifs
16382,408,2,353.1,1,Clients perdus / inactifs
16383,75,7,2887.99,0,Clients VIP / fidèles
16384,90,4,1358.95,0,Clients VIP / fidèles
16385,60,5,881.35,0,Clients VIP / fidèles
16386,29,3,1068.16,0,Clients VIP / fidèles
16387,323,5,882.46,0,Clients VIP / fidèles
16388,654,1,186.05,1,Clients perdus / inactifs
16389,53,4,1382.07,0,Clients VIP / fidèles
16390,537,3,467.5,1,Clients perdus / inactifs
16391,401,4,1048.86,1,Clients perdus / inactifs
16392,270,3,755.45,2,Clients perdus / inactifs
16393,2,23,5297.77,3,Clients VIP / fidèles
16394,57,5,1555.34,0,Clients VIP / fidèles
16395,61,14,3517.56,3,Clients VIP / fidèles
16396,476,1,137.8,1,Clients perdus / inactifs
16397,628,1,123.13,1,Clients perdus / inactifs
16398,154,2,1705.8,0,Clients VIP / fidèles
16399,19,3,628.42,2,Clients perdus / inactifs
16400,95,9,3059.85,0,Clients VIP / fidèles
16401,1,23,6847.45,3,Clients VIP / fidèles
16402,265,2,293.45,2,Clients perdus / inactifs
16403,312,1,177.5,1,Clients perdus / inactifs
16404,70,1,443.05,2,Clients perdus / inactifs
16405,302,2,167.25,1,Clients perdus / inactifs
16406,19,3,528.36,2,Clients perdus / inactifs
16407,13,14,2761.65,3,Clients VIP / fidèles
16408,591,1,231.93,1,Clients perdus / inactifs
16409,36,12,5652.74,3,Clients VIP / fidèles
16410,734,1,130.32,1,Clients perdus / inactifs
16411,19,4,756.39,0,Clients VIP / fidèles
16412,54,5,593.19,0,Clients VIP / fidèles
16413,57,2,522.03,2,Clients perdus / inactifs
16414,22,5,551.21,0,Clients VIP / fidèles
16415,44,3,696.76,2,Clients perdus / inactifs
16416,27,9,2957.88,0,Clients VIP / fidèles
16417,493,1,35.7,1,Clients perdus / inactifs
16418,45,5,1028.74,0,Clients VIP / fidèles
16419,113,8,1463.7,0,Clients VIP / fidèles
16420,396,1,75.0,1,Clients perdus / inactifs
16421,376,3,526.27,1,Clients perdus / inactifs
16422,17,108,61728.87,3,Clients VIP / fidèles
16423,25,1,346.12,2,Clients perdus / inactifs
16424,191,2,443.06,2,Clients perdus / inactifs
16425,302,1,302.7,1,Clients perdus / inactifs
16426,2,10,1863.76,0,Clients VIP / fidèles
16427,263,2,241.06,2,Clients perdus / inactifs
16428,414,3,638.49,1,Clients perdus / inactifs
16429,106,1,284.55,2,Clients perdus / inactifs
16430,57,6,1102.94,0,Clients VIP / fidèles
16431,213,3,623.28,2,Clients perdus / inactifs
16432,64,1,287.4,2,Clients perdus / inactifs
16433,28,2,384.52,2,Clients perdus / inactifs
16434,29,12,2673.69,3,Clients VIP / fidèles
16435,512,3,1003.0699999999999,1,Clients perdus / inactifs
16436,668,3,319.14,1,Clients perdus / inactifs
16437,381,2,301.25,1,Clients perdus / inactifs
16438,6,5,798.35,0,Clients VIP / fidèles
16439,722,1,310.70000000000005,1,Clients perdus / inactifs
16440,8,6,3856.9700000000003,0,Clients VIP / fidèles
16441,67,5,1013.18,0,Clients VIP / fidèles
16442,2,5,891.98,0,Clients VIP / fidèles
16443,521,1,162.24,1,Clients perdus / inactifs
16444,46,17,3625.88,3,Clients VIP / fidèles
16445,34,4,583.16,0,Clients VIP / fidèles
16446,1,2,168472.5,3,Clients VIP / fidèles
16447,136,3,727.1,2,Clients perdus / inactifs
16448,198,2,361.12,2,Clients perdus / inactifs
16449,198,2,707.69,2,Clients perdus / inactifs
16450,150,3,1505.73,0,Clients VIP / fidèles
16451,88,3,1013.15,0,Clients VIP / fidèles
16452,631,2,332.17,1,Clients perdus / inactifs
16453,531,2,251.71,1,Clients perdus / inactifs
16454,64,3,29.950000000000003,2,Clients perdus / inactifs
16455,64,11,3995.57,3,Clients VIP / fidèles
16456,99,13,6000.94,3,Clients VIP / fidèles
16457,218,1,208.36,2,Clients perdus / inactifs
16458,3,30,5690.89,3,Clients VIP / fidèles
16459,730,1,71.78999999999999,1,Clients perdus / inactifs
16460,28,3,811.23,0,Clients VIP / fidèles
16461,178,3,1539.83,0,Clients VIP / fidèles
16462,74,3,136.0,2,Clients perdus / inactifs
16463,21,4,1422.4,0,Clients VIP / fidèles
16464,20,3,1298.66,0,Clients VIP / fidèles
16465,421,2,746.24,1,Clients perdus / inactifs
16466,34,15,3767.09,3,Clients VIP / fidèles
16467,509,7,2869.16,0,Clients VIP / fidèles
16468,74,3,787.52,0,Clients VIP / fidèles
16469,24,5,803.9,0,Clients VIP / fidèles
16470,52,11,2416.85,0,Clients VIP / fidèles
16471,275,4,1189.98,0,Clients VIP / fidèles
16472,434,2,789.6,1,Clients perdus / inactifs
16473,165,4,470.83,2,Clients perdus / inactifs
16474,7,7,1810.49,0,Clients VIP / fidèles
16475,88,4,544.3,0,Clients VIP / fidèles
16476,432,1,350.35,1,Clients perdus / inactifs
16477,64,11,4094.37,3,Clients VIP / fidèles
16478,25,3,331.0,2,Clients perdus / inactifs
16479,10,2,300.83,2,Clients perdus / inactifs
16480,76,1,769.29,2,Clients perdus / inactifs
16481,682,1,453.38,1,Clients perdus / inactifs
16482,16,1,220.62,2,Clients perdus / inactifs
16483,192,1,139.35,2,Clients perdus / inactifs
16484,174,2,404.3,2,Clients perdus / inactifs
16485,77,5,2287.19,0,Clients VIP / fidèles
16486,538,1,134.36,1,Clients perdus / inactifs
16487,577,2,209.4,1,Clients perdus / inactifs
16488,33,3,498.8,2,Clients perdus / inactifs
16489,380,2,303.7,1,Clients perdus / inactifs
16490,436,1,205.41000000000003,1,Clients perdus / inactifs
16491,47,2,1533.16,0,Clients VIP / fidèles
16492,541,1,385.56,1,Clients perdus / inactifs
16493,80,7,2132.09,0,Clients VIP / fidèles
16494,297,1,826.53,2,Clients perdus / inactifs
16495,3,3,648.26,2,Clients perdus / inactifs
16496,9,6,2330.77,0,Clients VIP / fidèles
16497,50,23,6695.28,3,Clients VIP / fidèles
16498,161,2,100.97,2,Clients perdus / inactifs
16499,360,8,2578.34,0,Clients VIP / fidèles
16500,5,9,843.9100000000001,0,Clients VIP / fidèles
16501,383,1,1191.23,1,Clients perdus / inactifs
16502,620,2,258.55,1,Clients perdus / inactifs
16503,107,11,3614.34,3,Clients VIP / fidèles
16504,25,1,465.88,2,Clients perdus / inactifs
16505,32,1,777.6,2,Clients perdus / inactifs
16506,20,2,90.30000000000001,2,Clients perdus / inactifs
16507,572,1,142.71,1,Clients perdus / inactifs
16508,630,1,240.95,1,Clients perdus / inactifs
16509,297,1,363.7,1,Clients perdus / inactifs
16510,372,6,1757.25,0,Clients VIP / fidèles
16511,22,6,1758.49,0,Clients VIP / fidèles
16513,5,4,874.59,0,Clients VIP / fidèles
16515,52,10,3179.06,3,Clients VIP / fidèles
16516,30,1,101.69999999999999,2,Clients perdus / inactifs
16517,277,1,162.7,2,Clients perdus / inactifs
16518,61,4,959.37,0,Clients VIP / fidèles
16519,25,4,436.96,2,Clients perdus / inactifs
16520,186,6,2148.38,0,Clients VIP / fidèles
16521,415,3,1136.36,1,Clients perdus / inactifs
16522,436,2,433.36,1,Clients perdus / inactifs
16523,2,28,11916.33,3,Clients VIP / fidèles
16524,446,2,306.19,1,Clients perdus / inactifs
16525,2,48,24151.3,3,Clients VIP / fidèles
16526,172,2,717.21,2,Clients perdus / inactifs
16527,81,2,1232.94,0,Clients VIP / fidèles
16528,4,1,244.41,2,Clients perdus / inactifs
16529,190,4,1986.8,0,Clients VIP / fidèles
16530,668,1,48.349999999999994,1,Clients perdus / inactifs
16531,22,11,2298.33,0,Clients VIP / fidèles
16532,18,5,8756.64,0,Clients VIP / fidèles
16533,19,3,1082.81,0,Clients VIP / fidèles
16534,642,1,635.9,1,Clients perdus / inactifs
16535,5,2,952.04,2,Clients perdus / inactifs
16536,110,1,548.12,2,Clients perdus / inactifs
16537,641,1,10.55,1,Clients perdus / inactifs
16538,541,3,395.07,1,Clients perdus / inactifs
16539,3,10,3289.66,3,Clients VIP / fidèles
16540,414,1,205.75,1,Clients perdus / inactifs
16541,735,1,424.03,1,Clients perdus / inactifs
16542,54,2,257.32,2,Clients perdus / inactifs
16543,592,1,292.21,1,Clients perdus / inactifs
16544,520,4,376.70000000000005,1,Clients perdus / inactifs
16545,165,2,689.82,2,Clients perdus / inactifs
16546,291,5,5307.07,0,Clients VIP / fidèles
16547,546,1,104.25999999999999,1,Clients perdus / inactifs
16548,599,1,30.15,1,Clients perdus / inactifs
16549,10,34,12781.8,3,Clients VIP / fidèles
16550,109,18,8807.68,3,Clients VIP / fidèles
16551,96,7,2237.12,0,Clients VIP / fidèles
16552,243,2,379.73,2,Clients perdus / inactifs
16553,163,33,16584.01,3,Clients VIP / fidèles
16554,42,8,2841.72,0,Clients VIP / fidèles
16555,35,6,1915.68,0,Clients VIP / fidèles
16556,67,17,8012.58,3,Clients VIP / fidèles
16557,24,2,281.85,2,Clients perdus / inactifs
16558,1,38,13304.11,3,Clients VIP / fidèles
16559,397,1,175.0,1,Clients perdus / inactifs
16560,27,8,3048.38,0,Clients VIP / fidèles
16561,6,2,511.12,2,Clients perdus / inactifs
16562,477,1,223.85999999999999,1,Clients perdus / inactifs
16563,54,6,4412.56,0,Clients VIP / fidèles
16564,569,1,87.8,1,Clients perdus / inactifs
16565,364,4,773.05,1,Clients perdus / inactifs
16566,15,5,614.66,0,Clients VIP / fidèles
16567,194,2,865.6,2,Clients perdus / inactifs
16568,428,2,1020.9000000000001,1,Clients perdus / inactifs
16569,3,5,1455.23,0,Clients VIP / fidèles
16570,15,20,7434.31,3,Clients VIP / fidèles
16571,27,10,4248.74,3,Clients VIP / fidèles
16572,127,3,1009.6,0,Clients VIP / fidèles
16573,85,2,663.61,2,Clients perdus / inactifs
16574,71,3,1301.78,0,Clients VIP / fidèles
16576,420,2,540.87,1,Clients perdus / inactifs
16577,667,1,380.0,1,Clients perdus / inactifs
16578,626,1,156.6,1,Clients perdus / inactifs
16579,426,1,295.05,1,Clients perdus / inactifs
16581,183,1,105.84,2,Clients perdus / inactifs
16582,113,1,313.62,2,Clients perdus / inactifs
16583,374,2,297.95,1,Clients perdus / inactifs
16584,80,5,3156.17,0,Clients VIP / fidèles
16585,594,2,341.59,1,Clients perdus / inactifs
16586,249,3,1462.78,0,Clients VIP / fidèles
16587,232,1,225.15,2,Clients perdus / inactifs
16588,386,4,1361.28,0,Clients VIP / fidèles
16589,71,4,612.36,0,Clients VIP / fidèles
16590,401,2,605.9,1,Clients perdus / inactifs
16591,69,1,213.5,2,Clients perdus / inactifs
16592,4,28,7807.91,3,Clients VIP / fidèles
16593,51,8,1071.1399999999999,0,Clients VIP / fidèles
16594,75,1,181.09,2,Clients perdus / inactifs
16595,61,5,1757.75,0,Clients VIP / fidèles
16596,16,4,458.98,2,Clients perdus / inactifs
16597,4,1,90.04,2,Clients perdus / inactifs
16598,286,1,145.04999999999998,2,Clients perdus / inactifs
16599,386,1,172.8,1,Clients perdus / inactifs
16600,4,13,2153.41,3,Clients VIP / fidèles
16601,41,3,675.83,2,Clients perdus / inactifs
16602,36,2,763.33,2,Clients perdus / inactifs
16603,75,2,482.47,2,Clients perdus / inactifs
16604,563,2,432.45,1,Clients perdus / inactifs
16605,724,1,60.48,1,Clients perdus / inactifs
16606,404,2,357.66,1,Clients perdus / inactifs
16607,18,25,5706.87,3,Clients VIP / fidèles
16608,454,2,1286.6200000000001,1,Clients perdus / inactifs
16609,15,7,5493.46,0,Clients VIP / fidèles
16610,219,1,75.66,2,Clients perdus / inactifs
16611,186,6,1785.13,0,Clients VIP / fidèles
16612,33,9,3245.43,0,Clients VIP / fidèles
16613,70,1,618.59,2,Clients perdus / inactifs
16614,183,3,1179.79,0,Clients VIP / fidèles
16615,626,1,291.5,1,Clients perdus / inactifs
16616,15,2,500.42,2,Clients perdus / inactifs
16617,236,1,151.85,2,Clients perdus / inactifs
16618,31,5,2647.59,0,Clients VIP / fidèles
16619,264,4,1938.33,0,Clients VIP / fidèles
16620,4,6,1758.93,0,Clients VIP / fidèles
16621,52,4,813.48,0,Clients VIP / fidèles
16622,544,1,225.4,1,Clients perdus / inactifs
16623,246,4,1015.24,0,Clients VIP / fidèles
16624,81,2,810.5699999999999,2,Clients perdus / inactifs
16625,275,5,1654.03,0,Clients VIP / fidèles
16626,1,17,4413.1,3,Clients VIP / fidèles
16627,79,1,322.8,2,Clients perdus / inactifs
16628,30,7,2318.1,0,Clients VIP / fidèles
16629,74,2,408.63,2,Clients perdus / inactifs
16630,407,1,106.80000000000001,1,Clients perdus / inactifs
16631,482,7,1892.52,0,Clients VIP / fidèles
16632,486,2,406.4,1,Clients perdus / inactifs
16633,17,6,2883.1,0,Clients VIP / fidèles
16634,223,6,1649.81,0,Clients VIP / fidèles
16635,407,1,473.0,1,Clients perdus / inactifs
16636,438,4,3802.04,0,Clients VIP / fidèles
16637,32,4,1154.47,0,Clients VIP / fidèles
16638,23,15,2380.13,3,Clients VIP / fidèles
16639,31,4,1747.98,0,Clients VIP / fidèles
16640,398,1,179.4,1,Clients perdus / inactifs
16641,106,2,554.5,2,Clients perdus / inactifs
16642,5,3,1077.45,0,Clients VIP / fidèles
16643,246,2,923.11,2,Clients perdus / inactifs
16644,178,2,833.78,2,Clients perdus / inactifs
16645,736,1,160.39,1,Clients perdus / inactifs
16646,449,1,678.8,1,Clients perdus / inactifs
16647,170,4,541.9,0,Clients VIP / fidèles
16648,43,3,672.8,2,Clients perdus / inactifs
16649,520,1,306.58000000000004,1,Clients perdus / inactifs
16650,72,7,1916.11,0,Clients VIP / fidèles
16651,587,1,136.2,1,Clients perdus / inactifs
16652,59,16,17550.39,3,Clients VIP / fidèles
16653,16,2,1212.66,0,Clients VIP / fidèles
16654,141,8,1484.07,0,Clients VIP / fidèles
16655,18,13,6423.26,3,Clients VIP / fidèles
16656,22,30,16833.170000000002,3,Clients VIP / fidèles
16657,10,4,874.43,0,Clients VIP / fidèles
16658,368,5,680.83,1,Clients perdus / inactifs
16659,189,1,39.12,2,Clients perdus / inactifs
16660,16,7,1879.55,0,Clients VIP / fidèles
16661,540,4,932.76,1,Clients perdus / inactifs
16662,394,1,151.05,1,Clients perdus / inactifs
16663,729,1,165.0,1,Clients perdus / inactifs
16664,569,1,109.2,1,Clients perdus / inactifs
16665,362,1,135.39999999999998,1,Clients perdus / inactifs
16666,19,2,217.71,2,Clients perdus / inactifs
16667,68,2,567.1800000000001,2,Clients perdus / inactifs
16668,15,13,862.42,0,Clients VIP / fidèles
16669,24,2,1344.48,0,Clients VIP / fidèles
16670,17,20,8030.150000000001,3,Clients VIP / fidèles
16671,28,3,1692.27,0,Clients VIP / fidèles
16672,2,20,8134.9400000000005,3,Clients VIP / fidèles
16673,679,1,171.13,1,Clients perdus / inactifs
16674,55,2,304.24,2,Clients perdus / inactifs
16675,442,2,608.86,1,Clients perdus / inactifs
16676,34,6,2361.9,0,Clients VIP / fidèles
16677,411,2,880.62,1,Clients perdus / inactifs
16678,3,12,3109.99,3,Clients VIP / fidèles
16679,366,3,663.31,1,Clients perdus / inactifs
16680,43,3,821.45,0,Clients VIP / fidèles
16681,73,7,1921.84,0,Clients VIP / fidèles
16682,5,5,1028.0,0,Clients VIP / fidèles
16683,534,1,320.25,1,Clients perdus / inactifs
16684,4,55,147142.77,3,Clients VIP / fidèles
16685,61,2,324.24,2,Clients perdus / inactifs
16686,47,16,4881.07,3,Clients VIP / fidèles
16687,391,1,157.63,1,Clients perdus / inactifs
16688,1,4,1260.86,0,Clients VIP / fidèles
16689,76,2,422.59999999999997,2,Clients perdus / inactifs
16690,72,4,353.03,2,Clients perdus / inactifs
16691,418,2,178.83,1,Clients perdus / inactifs
16692,256,4,1764.6999999999998,0,Clients VIP / fidèles
16693,69,5,1179.48,0,Clients VIP / fidèles
16694,723,1,98.30000000000001,1,Clients perdus / inactifs
16695,562,2,191.9,1,Clients perdus / inactifs
16696,135,4,657.9000000000001,0,Clients VIP / fidèles
16697,241,1,112.75,2,Clients perdus / inactifs
16698,227,2,1998.0,0,Clients VIP / fidèles
16699,380,7,994.6,0,Clients VIP / fidèles
16700,9,25,8830.77,3,Clients VIP / fidèles
16701,9,26,9916.73,3,Clients VIP / fidèles
16702,415,4,1109.53,1,Clients perdus / inactifs
16704,618,2,664.16,1,Clients perdus / inactifs
16705,1,42,43515.05,3,Clients VIP / fidèles
16706,37,3,531.35,2,Clients perdus / inactifs
16707,400,4,533.41,1,Clients perdus / inactifs
16708,46,1,656.63,2,Clients perdus / inactifs
16709,85,14,9056.01,3,Clients VIP / fidèles
16710,19,22,5921.35,3,Clients VIP / fidèles
16711,3,9,2868.48,0,Clients VIP / fidèles
16712,9,13,4225.22,3,Clients VIP / fidèles
16713,19,32,14115.56,3,Clients VIP / fidèles
16714,317,3,1482.33,0,Clients VIP / fidèles
16715,78,2,625.52,2,Clients perdus / inactifs
16716,267,3,2149.6800000000003,0,Clients VIP / fidèles
16717,24,14,6663.68,3,Clients VIP / fidèles
16718,369,5,3006.08,0,Clients VIP / fidèles
16719,15,14,3508.62,3,Clients VIP / fidèles
16720,26,3,566.74,2,Clients perdus / inactifs
16721,262,1,292.47,2,Clients perdus / inactifs
16722,17,22,8189.56,3,Clients VIP / fidèles
16723,91,4,1231.36,0,Clients VIP / fidèles
16724,405,1,147.35,1,Clients perdus / inactifs
16725,302,13,1686.81,0,Clients VIP / fidèles
16726,26,7,2063.88,0,Clients VIP / fidèles
16727,364,4,1377.77,0,Clients VIP / fidèles
16728,46,4,1048.28,0,Clients VIP / fidèles
16729,38,21,7202.01,3,Clients VIP / fidèles
16730,52,3,743.11,0,Clients VIP / fidèles
16731,648,1,170.3,1,Clients perdus / inactifs
16732,32,4,4387.64,0,Clients VIP / fidèles
16733,530,1,259.68,1,Clients perdus / inactifs
16734,52,3,646.76,2,Clients perdus / inactifs
16735,79,14,6217.41,3,Clients VIP / fidèles
16736,506,5,2956.56,1,Clients perdus / inactifs
16737,53,2,835.1999999999999,2,Clients perdus / inactifs
16738,298,1,3.75,1,Clients perdus / inactifs
16739,177,2,786.43,2,Clients perdus / inactifs
16740,395,1,226.91,1,Clients perdus / inactifs
16741,625,1,173.06,1,Clients perdus / inactifs
16742,493,13,2334.97,0,Clients VIP / fidèles
16743,29,14,4212.15,3,Clients VIP / fidèles
16744,11,7,1291.91,0,Clients VIP / fidèles
16745,87,17,7180.7,3,Clients VIP / fidèles
16746,5,42,18045.05,3,Clients VIP / fidèles
16747,38,2,836.06,2,Clients perdus / inactifs
16748,18,14,3637.33,3,Clients VIP / fidèles
16749,591,2,4157.88,1,Clients perdus / inactifs
16750,45,5,623.93,0,Clients VIP / fidèles
16751,31,1,1764.72,2,Clients perdus / inactifs
16752,373,1,207.5,1,Clients perdus / inactifs
16753,58,1,223.92000000000002,2,Clients perdus / inactifs
16754,372,29,65500.07,3,Clients VIP / fidèles
16755,114,7,2864.68,0,Clients VIP / fidèles
16756,215,7,1312.3700000000001,0,Clients VIP / fidèles
16757,319,2,270.48,1,Clients perdus / inactifs
16758,65,1,369.34000000000003,2,Clients perdus / inactifs
16759,8,3,789.79,0,Clients VIP / fidèles
16760,430,1,228.0,1,Clients perdus / inactifs
16761,97,1,316.62,2,Clients perdus / inactifs
16762,20,3,1207.24,0,Clients VIP / fidèles
16763,199,2,964.6999999999999,2,Clients perdus / inactifs
16764,4,13,2790.9500000000003,3,Clients VIP / fidèles
16765,294,2,454.75,2,Clients perdus / inactifs
16766,273,2,1145.6,2,Clients perdus / inactifs
16767,31,15,8052.41,3,Clients VIP / fidèles
16768,48,9,1698.57,0,Clients VIP / fidèles
16769,260,4,1117.05,0,Clients VIP / fidèles
16770,58,9,1778.93,0,Clients VIP / fidèles
16771,33,10,3921.1,3,Clients VIP / fidèles
16772,423,3,3698.0499999999997,0,Clients VIP / fidèles
16773,57,3,421.24,2,Clients perdus / inactifs
16774,68,8,1567.48,0,Clients VIP / fidèles
16775,10,16,2820.84,3,Clients VIP / fidèles
16776,60,2,592.51,2,Clients perdus / inactifs
16777,80,5,1292.18,0,Clients VIP / fidèles
16778,74,2,245.94,2,Clients perdus / inactifs
16779,2,53,32809.03,3,Clients VIP / fidèles
16780,100,3,596.4,2,Clients perdus / inactifs
16781,372,2,623.0,1,Clients perdus / inactifs
16782,10,38,9636.12,3,Clients VIP / fidèles
16783,437,1,391.95,1,Clients perdus / inactifs
16784,20,5,892.33,0,Clients VIP / fidèles
16785,410,1,533.78,1,Clients perdus / inactifs
16786,394,1,51.839999999999996,1,Clients perdus / inactifs
16787,398,4,1017.53,1,Clients perdus / inactifs
16788,123,5,1927.28,0,Clients VIP / fidèles
16789,8,1,80.8,2,Clients perdus / inactifs
16790,4,6,1545.6200000000001,0,Clients VIP / fidèles
16791,29,15,3944.88,3,Clients VIP / fidèles
16792,282,5,623.46,0,Clients VIP / fidèles
16793,57,1,243.84,2,Clients perdus / inactifs
16794,1,15,2050.68,3,Clients VIP / fidèles
16795,365,3,2062.41,0,Clients VIP / fidèles
16796,89,1,305.62,2,Clients perdus / inactifs
16797,393,5,1802.02,0,Clients VIP / fidèles
16798,554,3,841.16,1,Clients perdus / inactifs
16799,432,2,452.78000000000003,1,Clients perdus / inactifs
16800,11,1,1162.65,2,Clients perdus / inactifs
16801,163,4,1594.23,0,Clients VIP / fidèles
16802,679,2,582.61,1,Clients perdus / inactifs
16803,65,1,332.3,2,Clients perdus / inactifs
16804,23,3,536.99,2,Clients perdus / inactifs
16805,174,4,1076.34,0,Clients VIP / fidèles
16806,103,4,736.21,0,Clients VIP / fidèles
16807,143,6,2123.88,0,Clients VIP / fidèles
16808,99,2,288.42,2,Clients perdus / inactifs
16809,23,9,1727.43,0,Clients VIP / fidèles
16810,192,2,842.0400000000001,2,Clients perdus / inactifs
16811,5,2,547.07,2,Clients perdus / inactifs
16812,361,4,2392.0,0,Clients VIP / fidèles
16813,8,10,1652.18,0,Clients VIP / fidèles
16814,14,36,11914.95,3,Clients VIP / fidèles
16815,454,2,406.02,1,Clients perdus / inactifs
16816,103,4,417.06,2,Clients perdus / inactifs
16817,3,13,2560.7,3,Clients VIP / fidèles
16818,11,11,3349.57,3,Clients VIP / fidèles
16819,465,2,182.59,1,Clients perdus / inactifs
16820,96,1,497.61,2,Clients perdus / inactifs
16821,382,1,113.35,1,Clients perdus / inactifs
16822,686,1,181.39,1,Clients perdus / inactifs
16823,227,7,2243.09,0,Clients VIP / fidèles
16824,16,3,686.24,2,Clients perdus / inactifs
16825,39,5,1826.89,0,Clients VIP / fidèles
16826,51,1,341.7,2,Clients perdus / inactifs
16827,393,5,387.18,1,Clients perdus / inactifs
16828,112,1,113.5,2,Clients perdus / inactifs
16829,157,2,513.32,2,Clients perdus / inactifs
16830,39,4,1207.5,0,Clients VIP / fidèles
16831,565,1,91.8,1,Clients perdus / inactifs
16832,184,5,417.61,0,Clients VIP / fidèles
16833,1,6,2409.04,0,Clients VIP / fidèles
16834,228,2,898.96,2,Clients perdus / inactifs
16835,128,6,1456.66,0,Clients VIP / fidèles
16836,40,4,782.37,0,Clients VIP / fidèles
16837,31,11,3170.98,3,Clients VIP / fidèles
16838,197,4,1159.61,0,Clients VIP / fidèles
16839,9,44,21758.25,3,Clients VIP / fidèles
16840,603,2,139.85,1,Clients perdus / inactifs
16841,37,12,4006.06,3,Clients VIP / fidèles
16842,101,3,1264.19,0,Clients VIP / fidèles
16843,43,35,19571.43,3,Clients VIP / fidèles
16844,563,2,614.34,1,Clients perdus / inactifs
16845,618,1,253.88,1,Clients perdus / inactifs
16846,50,3,842.41,0,Clients VIP / fidèles
16847,43,2,614.89,2,Clients perdus / inactifs
16848,53,4,1411.62,0,Clients VIP / fidèles
16849,187,1,124.57,2,Clients perdus / inactifs
16850,334,1,332.41,1,Clients perdus / inactifs
16851,4,3,342.45,2,Clients perdus / inactifs
16852,10,2,144.91000000000003,2,Clients perdus / inactifs
16854,417,2,1408.96,1,Clients perdus / inactifs
16855,24,2,328.4,2,Clients perdus / inactifs
16856,15,3,358.49,2,Clients perdus / inactifs
16857,443,1,352.8,1,Clients perdus / inactifs
16858,369,10,4292.59,0,Clients VIP / fidèles
16859,145,7,1932.41,0,Clients VIP / fidèles
16860,453,3,1610.62,1,Clients perdus / inactifs
16861,60,5,946.59,0,Clients VIP / fidèles
16862,547,4,662.33,1,Clients perdus / inactifs
16863,31,3,834.27,0,Clients VIP / fidèles
16864,434,2,409.25,1,Clients perdus / inactifs
16865,402,1,130.95,1,Clients perdus / inactifs
16866,141,3,207.73999999999998,2,Clients perdus / inactifs
16867,690,1,76.74000000000001,1,Clients perdus / inactifs
16868,394,3,384.56,1,Clients perdus / inactifs
16869,23,4,817.12,0,Clients VIP / fidèles
16870,469,1,450.15999999999997,1,Clients perdus / inactifs
16871,22,6,2812.34,0,Clients VIP / fidèles
16872,77,6,1213.13,0,Clients VIP / fidèles
16873,5,12,14617.39,3,Clients VIP / fidèles
16874,379,1,209.89000000000001,1,Clients perdus / inactifs
16875,67,11,4234.53,3,Clients VIP / fidèles
16876,404,1,136.01,1,Clients perdus / inactifs
16877,12,6,846.62,0,Clients VIP / fidèles
16878,84,1,13.3,2,Clients perdus / inactifs
16880,31,8,1813.21,0,Clients VIP / fidèles
16881,67,1,432.0,2,Clients perdus / inactifs
16882,67,3,705.12,2,Clients perdus / inactifs
16883,187,19,2246.06,3,Clients VIP / fidèles
16884,38,4,1070.97,0,Clients VIP / fidèles
16885,15,4,683.35,0,Clients VIP / fidèles
16886,456,1,134.0,1,Clients perdus / inactifs
16887,35,3,658.17,2,Clients perdus / inactifs
16888,401,3,434.2,1,Clients perdus / inactifs
16889,195,6,2526.65,0,Clients VIP / fidèles
16890,477,3,277.91,1,Clients perdus / inactifs
16891,2,11,1727.94,0,Clients VIP / fidèles
16892,1,7,754.75,0,Clients VIP / fidèles
16893,367,2,249.47,1,Clients perdus / inactifs
16894,502,3,1306.96,1,Clients perdus / inactifs
16895,65,5,1102.9,0,Clients VIP / fidèles
16896,555,1,103.95,1,Clients perdus / inactifs
16897,299,2,289.78,1,Clients perdus / inactifs
16898,26,5,885.21,0,Clients VIP / fidèles
16899,8,8,1695.77,0,Clients VIP / fidèles
16900,17,3,882.16,0,Clients VIP / fidèles
16901,729,1,204.26,1,Clients perdus / inactifs
16902,116,1,1706.88,2,Clients perdus / inactifs
16903,29,3,1041.75,0,Clients VIP / fidèles
16904,4,20,4656.56,3,Clients VIP / fidèles
16905,5,17,4704.27,3,Clients VIP / fidèles
16906,82,7,1410.07,0,Clients VIP / fidèles
16907,29,9,1470.89,0,Clients VIP / fidèles
16908,722,1,252.59,1,Clients perdus / inactifs
16909,72,1,379.14,2,Clients perdus / inactifs
16910,4,8,1508.96,0,Clients VIP / fidèles
16911,636,2,255.25,1,Clients perdus / inactifs
16912,29,15,4460.51,3,Clients VIP / fidèles
16913,290,3,423.90999999999997,2,Clients perdus / inactifs
16914,36,1,183.76,2,Clients perdus / inactifs
16915,9,11,1543.18,0,Clients VIP / fidèles
16916,24,4,896.12,0,Clients VIP / fidèles
16917,277,2,1851.88,0,Clients VIP / fidèles
16918,50,16,3206.54,3,Clients VIP / fidèles
16919,156,24,4909.66,3,Clients VIP / fidèles
16920,411,1,355.45,1,Clients perdus / inactifs
16921,61,3,409.21,2,Clients perdus / inactifs
16922,573,1,611.08,1,Clients perdus / inactifs
16923,12,32,13157.130000000001,3,Clients VIP / fidèles
16924,21,3,829.89,0,Clients VIP / fidèles
16925,540,1,125.65,1,Clients perdus / inactifs
16926,371,5,1169.6100000000001,0,Clients VIP / fidèles
16927,116,3,543.05,2,Clients perdus / inactifs
16928,80,26,3798.08,3,Clients VIP / fidèles
16929,4,7,1295.39,0,Clients VIP / fidèles
16930,26,3,378.89,2,Clients perdus / inactifs
16931,5,23,5032.22,3,Clients VIP / fidèles
16932,53,3,412.55,2,Clients perdus / inactifs
16933,1,9,3099.3,0,Clients VIP / fidèles
16934,55,6,2083.14,0,Clients VIP / fidèles
16935,382,3,530.86,1,Clients perdus / inactifs
16936,26,2,548.29,2,Clients perdus / inactifs
16937,499,1,196.25,1,Clients perdus / inactifs
16938,9,9,6995.360000000001,3,Clients VIP / fidèles
16939,489,3,433.85,1,Clients perdus / inactifs
16940,52,8,6427.66,3,Clients VIP / fidèles
16941,612,1,33.0,1,Clients perdus / inactifs
16942,13,9,1904.99,0,Clients VIP / fidèles
16943,212,3,816.73,0,Clients VIP / fidèles
16944,610,1,101.36,1,Clients perdus / inactifs
16945,22,33,8548.16,3,Clients VIP / fidèles
16946,383,5,1222.04,0,Clients VIP / fidèles
16947,236,4,946.71,0,Clients VIP / fidèles
16948,139,7,868.77,0,Clients VIP / fidèles
16949,4,6,1286.27,0,Clients VIP / fidèles
16950,57,10,3533.77,3,Clients VIP / fidèles
16951,135,3,1277.75,0,Clients VIP / fidèles
16952,109,5,795.83,0,Clients VIP / fidèles
16953,30,1,20.8,2,Clients perdus / inactifs
16954,1,20,6081.88,3,Clients VIP / fidèles
16955,185,6,1120.31,0,Clients VIP / fidèles
16956,18,1,308.74,2,Clients perdus / inactifs
16957,239,2,416.64,2,Clients perdus / inactifs
16958,435,1,778.49,1,Clients perdus / inactifs
16959,87,1,117.35000000000001,2,Clients perdus / inactifs
16960,39,8,1988.93,0,Clients VIP / fidèles
16961,116,3,794.56,0,Clients VIP / fidèles
16962,410,1,251.04,1,Clients perdus / inactifs
16963,187,1,110.55000000000001,2,Clients perdus / inactifs
16964,733,2,207.85,1,Clients perdus / inactifs
16965,227,1,192.07,2,Clients perdus / inactifs
16966,8,7,2154.97,0,Clients VIP / fidèles
16967,189,1,319.02,2,Clients perdus / inactifs
16968,4,2,439.43,2,Clients perdus / inactifs
16969,39,3,650.41,2,Clients perdus / inactifs
16970,626,1,71.4,1,Clients perdus / inactifs
16971,38,1,357.21,2,Clients perdus / inactifs
16972,383,2,749.0,1,Clients perdus / inactifs
16973,386,1,127.0,1,Clients perdus / inactifs
16974,523,2,365.5,1,Clients perdus / inactifs
16975,423,3,926.12,1,Clients perdus / inactifs
16976,267,1,251.51999999999998,2,Clients perdus / inactifs
16977,395,4,496.0,1,Clients perdus / inactifs
16978,78,3,768.88,0,Clients VIP / fidèles
16979,4,9,2859.74,0,Clients VIP / fidèles
16980,255,3,1422.8300000000002,0,Clients VIP / fidèles
16982,61,1,384.06,2,Clients perdus / inactifs
16983,13,11,3490.5299999999997,3,Clients VIP / fidèles
16984,88,9,10350.53,3,Clients VIP / fidèles
16985,17,23,10923.16,3,Clients VIP / fidèles
16986,30,11,4888.75,3,Clients VIP / fidèles
16987,3,11,2499.45,3,Clients VIP / fidèles
16988,5,2,382.67,2,Clients perdus / inactifs
16989,7,6,1133.25,0,Clients VIP / fidèles
16990,219,2,344.0,2,Clients perdus / inactifs
16991,421,1,1041.21,1,Clients perdus / inactifs
16992,11,13,5476.5,3,Clients VIP / fidèles
16993,464,2,1950.9499999999998,1,Clients perdus / inactifs
16996,30,9,2123.61,0,Clients VIP / fidèles
16997,288,3,702.0,2,Clients perdus / inactifs
16998,150,5,402.0,0,Clients VIP / fidèles
16999,23,2,484.82,2,Clients perdus / inactifs
17000,396,2,406.3,1,Clients perdus / inactifs
17001,1,19,6640.8,3,Clients VIP / fidèles
17002,86,7,2571.55,0,Clients VIP / fidèles
17003,402,4,828.21,1,Clients perdus / inactifs
17004,46,4,2324.36,0,Clients VIP / fidèles
17005,471,2,622.36,1,Clients perdus / inactifs
17006,5,8,1635.27,0,Clients VIP / fidèles
17007,51,7,1120.1,0,Clients VIP / fidèles
17008,429,1,81.36,1,Clients perdus / inactifs
17009,551,1,242.06,1,Clients perdus / inactifs
17010,18,1,195.36,2,Clients perdus / inactifs
17011,30,3,671.7,2,Clients perdus / inactifs
17012,725,1,360.61,1,Clients perdus / inactifs
17014,8,3,583.4300000000001,2,Clients perdus / inactifs
17015,29,3,1838.6100000000001,0,Clients VIP / fidèles
17016,577,1,552.4,1,Clients perdus / inactifs
17017,3,29,12576.99,3,Clients VIP / fidèles
17018,41,6,2287.7,0,Clients VIP / fidèles
17019,11,11,3586.99,3,Clients VIP / fidèles
17020,542,2,935.62,1,Clients perdus / inactifs
17021,442,6,1182.22,1,Clients perdus / inactifs
17022,31,2,260.0,2,Clients perdus / inactifs
17023,417,3,800.18,1,Clients perdus / inactifs
17024,45,3,95.85,2,Clients perdus / inactifs
17025,61,5,1349.67,0,Clients VIP / fidèles
17026,185,3,175.82999999999998,2,Clients perdus / inactifs
17027,79,9,1310.63,0,Clients VIP / fidèles
17028,581,3,1593.83,1,Clients perdus / inactifs
17029,111,7,2137.3,0,Clients VIP / fidèles
17030,64,1,146.87,2,Clients perdus / inactifs
17031,12,6,2773.85,0,Clients VIP / fidèles
17032,603,5,2896.69,1,Clients perdus / inactifs
17033,86,4,1332.79,0,Clients VIP / fidèles
17034,16,5,1276.42,0,Clients VIP / fidèles
17035,246,4,613.59,0,Clients VIP / fidèles
17036,383,1,176.9,1,Clients perdus / inactifs
17037,88,1,1267.32,2,Clients perdus / inactifs
17038,30,2,743.17,2,Clients perdus / inactifs
17039,604,1,1954.99,1,Clients perdus / inactifs
17040,138,2,463.25,2,Clients perdus / inactifs
17041,27,6,1655.2,0,Clients VIP / fidèles
17042,3,5,1036.58,0,Clients VIP / fidèles
17043,32,8,2593.65,0,Clients VIP / fidèles
17044,25,12,11962.3,3,Clients VIP / fidèles
17045,113,5,827.6800000000001,0,Clients VIP / fidèles
17046,157,5,1906.07,0,Clients VIP / fidèles
17047,85,6,2289.23,0,Clients VIP / fidèles
17048,118,7,2071.68,0,Clients VIP / fidèles
17049,3,19,9942.53,3,Clients VIP / fidèles
17050,96,11,4648.59,3,Clients VIP / fidèles
17051,194,4,706.49,0,Clients VIP / fidèles
17052,28,1,399.09,2,Clients perdus / inactifs
17053,131,1,498.48,2,Clients perdus / inactifs
17054,28,5,1356.33,0,Clients VIP / fidèles
17055,446,1,232.85,1,Clients perdus / inactifs
17056,738,1,128.60000000000002,1,Clients perdus / inactifs
17057,596,1,288.79,1,Clients perdus / inactifs
17058,82,3,1179.89,0,Clients VIP / fidèles
17059,30,9,4864.57,3,Clients VIP / fidèles
17060,266,1,234.24,2,Clients perdus / inactifs
17061,74,11,5232.2300000000005,3,Clients VIP / fidèles
17062,314,6,884.71,0,Clients VIP / fidèles
17063,21,13,3638.53,3,Clients VIP / fidèles
17064,59,3,855.45,0,Clients VIP / fidèles
17065,638,2,194.7,1,Clients perdus / inactifs
17066,726,1,228.34,1,Clients perdus / inactifs
17067,725,3,454.54,1,Clients perdus / inactifs
17068,12,47,8980.18,3,Clients VIP / fidèles
17069,28,14,5517.2300000000005,3,Clients VIP / fidèles
17070,114,2,437.42,2,Clients perdus / inactifs
17071,28,13,3793.71,3,Clients VIP / fidèles
17072,625,1,273.35,1,Clients perdus / inactifs
17073,18,4,1444.84,0,Clients VIP / fidèles
17074,563,1,203.05,1,Clients perdus / inactifs
17075,18,10,2236.63,0,Clients VIP / fidèles
17076,36,6,1242.75,0,Clients VIP / fidèles
17077,578,1,306.0,1,Clients perdus / inactifs
17078,36,2,375.86,2,Clients perdus / inactifs
17079,78,1,118.80000000000001,2,Clients perdus / inactifs
17080,22,7,957.53,0,Clients VIP / fidèles
17081,25,6,949.39,0,Clients VIP / fidèles
17082,33,6,4732.03,0,Clients VIP / fidèles
17083,109,9,4049.79,0,Clients VIP / fidèles
17084,35,3,5001.21,0,Clients VIP / fidèles
17085,123,28,7839.27,3,Clients VIP / fidèles
17086,7,6,2050.08,0,Clients VIP / fidèles
17087,738,1,221.53,1,Clients perdus / inactifs
17088,28,4,1991.01,0,Clients VIP / fidèles
17089,386,1,128.45,1,Clients perdus / inactifs
17090,4,13,3080.1800000000003,3,Clients VIP / fidèles
17091,3,19,7495.75,3,Clients VIP / fidèles
17092,50,11,5511.41,3,Clients VIP / fidèles
17093,593,1,235.88,1,Clients perdus / inactifs
17094,322,2,402.20000000000005,1,Clients perdus / inactifs
17095,23,7,2572.25,0,Clients VIP / fidèles
17096,15,11,3697.93,3,Clients VIP / fidèles
17097,2,9,1143.36,0,Clients VIP / fidèles
17098,382,3,591.0699999999999,1,Clients perdus / inactifs
17099,533,1,582.17,1,Clients perdus / inactifs
17100,18,2,971.74,2,Clients perdus / inactifs
17101,10,7,2507.05,0,Clients VIP / fidèles
17102,262,1,25.5,2,Clients perdus / inactifs
17103,722,1,424.3,1,Clients perdus / inactifs
17104,424,1,474.03,1,Clients perdus / inactifs
17105,159,2,665.78,2,Clients perdus / inactifs
17106,389,1,481.58,1,Clients perdus / inactifs
17107,33,10,16052.72,3,Clients VIP / fidèles
17108,664,1,174.95,1,Clients perdus / inactifs
17109,29,8,1291.71,0,Clients VIP / fidèles
17110,165,3,499.9,2,Clients perdus / inactifs
17111,47,2,459.58,2,Clients perdus / inactifs
17112,503,1,197.57,1,Clients perdus / inactifs
17113,574,6,2305.59,1,Clients perdus / inactifs
17114,6,8,801.12,0,Clients VIP / fidèles
17115,8,7,2761.4900000000002,0,Clients VIP / fidèles
17116,648,1,389.78,1,Clients perdus / inactifs
17117,288,1,116.19999999999999,2,Clients perdus / inactifs
17118,318,1,157.02,1,Clients perdus / inactifs
17119,3,2,606.91,2,Clients perdus / inactifs
17120,233,1,307.46,2,Clients perdus / inactifs
17121,403,1,314.74,1,Clients perdus / inactifs
17122,119,4,570.5,0,Clients VIP / fidèles
17123,162,3,966.67,0,Clients VIP / fidèles
17124,185,1,294.24,2,Clients perdus / inactifs
17125,50,1,230.5,2,Clients perdus / inactifs
17126,152,9,2008.93,0,Clients VIP / fidèles
17127,429,5,1155.0300000000002,1,Clients perdus / inactifs
17128,335,1,157.09,1,Clients perdus / inactifs
17129,520,1,31.85,1,Clients perdus / inactifs
17131,5,5,2463.17,0,Clients VIP / fidèles
17132,452,2,1220.9099999999999,1,Clients perdus / inactifs
17133,16,12,14622.33,3,Clients VIP / fidèles
17134,107,3,625.3,2,Clients perdus / inactifs
17135,16,10,1716.3799999999999,0,Clients VIP / fidèles
17136,662,1,231.68,1,Clients perdus / inactifs
17137,416,6,1099.81,0,Clients VIP / fidèles
17138,276,7,4417.27,0,Clients VIP / fidèles
17139,16,25,19566.76,3,Clients VIP / fidèles
17140,247,1,454.12,2,Clients perdus / inactifs
17141,418,4,727.58,1,Clients perdus / inactifs
17142,239,4,1275.25,0,Clients VIP / fidèles
17143,417,2,880.97,1,Clients perdus / inactifs
17144,1,2,984.57,2,Clients perdus / inactifs
17145,513,4,3120.91,1,Clients perdus / inactifs
17146,106,13,5852.64,3,Clients VIP / fidèles
17147,23,9,3199.95,0,Clients VIP / fidèles
17148,52,1,124.88,2,Clients perdus / inactifs
17149,451,1,143.10000000000002,1,Clients perdus / inactifs
17150,377,6,1357.95,0,Clients VIP / fidèles
17151,735,1,231.90000000000003,1,Clients perdus / inactifs
17152,195,4,2016.5,0,Clients VIP / fidèles
17153,24,1,213.78,2,Clients perdus / inactifs
17154,75,1,329.34,2,Clients perdus / inactifs
17155,18,7,892.46,0,Clients VIP / fidèles
17156,492,1,591.87,1,Clients perdus / inactifs
17157,8,19,5151.9,3,Clients VIP / fidèles
17158,32,5,1980.0,0,Clients VIP / fidèles
17159,22,5,2099.59,0,Clients VIP / fidèles
17160,31,17,10209.16,3,Clients VIP / fidèles
17161,444,1,856.01,1,Clients perdus / inactifs
17162,29,10,1715.46,0,Clients VIP / fidèles
17163,22,4,699.78,0,Clients VIP / fidèles
17164,33,7,2467.35,0,Clients VIP / fidèles
17165,284,6,1794.32,0,Clients VIP / fidèles
17166,39,2,206.34,2,Clients perdus / inactifs
17167,380,3,867.11,1,Clients perdus / inactifs
17168,499,1,400.2,1,Clients perdus / inactifs
17169,58,3,1156.73,0,Clients VIP / fidèles
17170,374,2,178.68,1,Clients perdus / inactifs
17171,289,2,384.59,2,Clients perdus / inactifs
17172,79,3,956.5699999999999,0,Clients VIP / fidèles
17173,5,8,3766.6,0,Clients VIP / fidèles
17174,218,1,59.9,2,Clients perdus / inactifs
17175,44,4,1443.69,0,Clients VIP / fidèles
17176,202,3,902.3199999999999,0,Clients VIP / fidèles
17177,505,1,119.5,1,Clients perdus / inactifs
17178,731,1,432.96,1,Clients perdus / inactifs
17179,178,6,1507.26,0,Clients VIP / fidèles
17180,56,11,2236.77,0,Clients VIP / fidèles
17181,57,3,309.85,2,Clients perdus / inactifs
17182,423,2,321.3,1,Clients perdus / inactifs
17183,8,6,3347.31,0,Clients VIP / fidèles
17184,569,2,198.41000000000003,1,Clients perdus / inactifs
17185,592,3,229.46,1,Clients perdus / inactifs
17186,47,2,144.0,2,Clients perdus / inactifs
17187,227,2,467.71,2,Clients perdus / inactifs
17188,11,13,4592.93,3,Clients VIP / fidèles
17189,106,5,953.63,0,Clients VIP / fidèles
17190,59,7,1724.73,0,Clients VIP / fidèles
17191,28,15,4310.34,3,Clients VIP / fidèles
17192,536,1,75.28,1,Clients perdus / inactifs
17193,36,9,2310.04,0,Clients VIP / fidèles
17194,361,2,776.66,1,Clients perdus / inactifs
17195,655,1,562.98,1,Clients perdus / inactifs
17196,428,1,327.75,1,Clients perdus / inactifs
17197,30,1,1013.01,2,Clients perdus / inactifs
17198,24,3,692.22,2,Clients perdus / inactifs
17199,582,1,135.04000000000002,1,Clients perdus / inactifs
17200,387,4,356.71,1,Clients perdus / inactifs
17201,54,4,1132.6,0,Clients VIP / fidèles
17202,421,1,160.65,1,Clients perdus / inactifs
17203,36,10,5564.09,3,Clients VIP / fidèles
17204,175,9,5504.6900000000005,3,Clients VIP / fidèles
17205,54,3,999.35,0,Clients VIP / fidèles
17206,53,1,204.24,2,Clients perdus / inactifs
17207,652,1,291.77,1,Clients perdus / inactifs
17208,396,1,111.15,1,Clients perdus / inactifs
17209,649,3,595.7,1,Clients perdus / inactifs
17210,393,1,251.72,1,Clients perdus / inactifs
17211,27,13,3773.35,3,Clients VIP / fidèles
17212,253,3,794.41,0,Clients VIP / fidèles
17213,40,13,4869.400000000001,3,Clients VIP / fidèles
17214,60,6,1059.1200000000001,0,Clients VIP / fidèles
17215,464,1,186.15,1,Clients perdus / inactifs
17216,554,1,63.6,1,Clients perdus / inactifs
17217,234,2,210.1,2,Clients perdus / inactifs
17218,4,18,3889.39,3,Clients VIP / fidèles
17219,32,2,259.13,2,Clients perdus / inactifs
17220,24,21,4451.41,3,Clients VIP / fidèles
17221,7,5,976.62,0,Clients VIP / fidèles
17222,65,6,1563.6100000000001,0,Clients VIP / fidèles
17223,310,3,523.04,1,Clients perdus / inactifs
17224,501,1,100.86,1,Clients perdus / inactifs
17225,582,1,131.15,1,Clients perdus / inactifs
17226,309,3,895.47,0,Clients VIP / fidèles
17227,19,12,1878.93,0,Clients VIP / fidèles
17228,16,13,2820.03,3,Clients VIP / fidèles
17229,96,2,318.76,2,Clients perdus / inactifs
17230,264,18,9388.49,3,Clients VIP / fidèles
17231,12,25,7064.8,3,Clients VIP / fidèles
17232,3,2,417.77,2,Clients perdus / inactifs
17233,35,3,560.86,2,Clients perdus / inactifs
17234,183,1,149.89000000000001,2,Clients perdus / inactifs
17235,25,8,1562.98,0,Clients VIP / fidèles
17236,13,12,1929.26,0,Clients VIP / fidèles
17237,11,4,994.13,0,Clients VIP / fidèles
17238,3,32,7331.17,3,Clients VIP / fidèles
17239,313,4,1189.45,0,Clients VIP / fidèles
17240,596,1,130.6,1,Clients perdus / inactifs
17241,385,12,2736.64,0,Clients VIP / fidèles
17242,108,5,2889.28,0,Clients VIP / fidèles
17243,1,69,20184.68,3,Clients VIP / fidèles
17244,53,5,1826.04,0,Clients VIP / fidèles
17245,205,2,371.63,2,Clients perdus / inactifs
17246,547,2,38.92,1,Clients perdus / inactifs
17247,15,1,280.09000000000003,2,Clients perdus / inactifs
17248,120,2,500.54,2,Clients perdus / inactifs
17249,429,1,68.03,1,Clients perdus / inactifs
17250,4,2,381.97,2,Clients perdus / inactifs
17251,363,3,798.98,1,Clients perdus / inactifs
17252,117,2,348.91,2,Clients perdus / inactifs
17253,18,1,178.26,2,Clients perdus / inactifs
17254,5,3,469.48,2,Clients perdus / inactifs
17255,41,4,781.7,0,Clients VIP / fidèles
17256,107,5,498.93,0,Clients VIP / fidèles
17257,436,2,189.78,1,Clients perdus / inactifs
17258,397,2,417.3,1,Clients perdus / inactifs
17259,148,6,1452.39,0,Clients VIP / fidèles
17260,411,1,120.95,1,Clients perdus / inactifs
17261,510,1,221.59,1,Clients perdus / inactifs
17262,52,11,2488.76,0,Clients VIP / fidèles
17263,208,1,63.440000000000005,2,Clients perdus / inactifs
17264,424,1,268.28,1,Clients perdus / inactifs
17265,139,2,550.01,2,Clients perdus / inactifs
17266,2,5,501.71999999999997,0,Clients VIP / fidèles
17267,127,2,317.2,2,Clients perdus / inactifs
17268,108,11,1733.8899999999999,0,Clients VIP / fidèles
17269,386,1,491.81,1,Clients perdus / inactifs
17270,469,2,601.4499999999999,1,Clients perdus / inactifs
17271,736,1,204.3,1,Clients perdus / inactifs
17272,42,4,2148.63,0,Clients VIP / fidèles
17273,424,1,141.12,1,Clients perdus / inactifs
17274,35,2,573.22,2,Clients perdus / inactifs
17275,383,1,114.1,1,Clients perdus / inactifs
17276,402,1,501.24,1,Clients perdus / inactifs
17277,228,2,1065.3500000000001,2,Clients perdus / inactifs
17278,241,2,271.24,2,Clients perdus / inactifs
17279,58,1,187.82999999999998,2,Clients perdus / inactifs
17280,438,1,118.85999999999999,1,Clients perdus / inactifs
17281,374,6,797.8499999999999,0,Clients VIP / fidèles
17282,130,5,2308.54,0,Clients VIP / fidèles
17283,379,1,188.46,1,Clients perdus / inactifs
17284,60,7,2558.6,0,Clients VIP / fidèles
17285,628,2,400.44,1,Clients perdus / inactifs
17286,22,3,389.18,2,Clients perdus / inactifs
17287,26,21,3826.86,3,Clients VIP / fidèles
17288,9,11,2468.43,3,Clients VIP / fidèles
17289,32,9,2041.8,0,Clients VIP / fidèles
17290,4,8,1427.48,0,Clients VIP / fidèles
17291,308,1,550.8000000000001,1,Clients perdus / inactifs
17292,472,2,271.75,1,Clients perdus / inactifs
17293,8,17,3750.63,3,Clients VIP / fidèles
17294,669,2,467.78999999999996,1,Clients perdus / inactifs
17295,29,3,547.0,2,Clients perdus / inactifs
17296,730,1,338.13,1,Clients perdus / inactifs
17297,17,1,128.18,2,Clients perdus / inactifs
17298,101,5,938.36,0,Clients VIP / fidèles
17299,12,6,993.23,0,Clients VIP / fidèles
17300,391,2,393.64,1,Clients perdus / inactifs
17301,21,2,294.39,2,Clients perdus / inactifs
17302,15,5,1135.63,0,Clients VIP / fidèles
17303,361,1,250.04,1,Clients perdus / inactifs
17304,534,1,111.5,1,Clients perdus / inactifs
17305,649,1,2135.46,1,Clients perdus / inactifs
17306,11,21,9782.35,3,Clients VIP / fidèles
17307,395,11,3999.8900000000003,0,Clients VIP / fidèles
17308,393,2,4511.76,0,Clients VIP / fidèles
17309,95,3,320.39,2,Clients perdus / inactifs
17310,387,2,1025.1,1,Clients perdus / inactifs
17311,78,6,3566.56,0,Clients VIP / fidèles
17312,139,3,644.3,2,Clients perdus / inactifs
17313,31,1,2328.84,0,Clients VIP / fidèles
17314,25,17,4904.43,3,Clients VIP / fidèles
17315,2,41,9559.5,3,Clients VIP / fidèles
17316,420,1,124.45,1,Clients perdus / inactifs
17317,46,3,2600.34,0,Clients VIP / fidèles
17318,725,1,157.32999999999998,1,Clients perdus / inactifs
17319,669,1,29.1,1,Clients perdus / inactifs
17320,100,6,2444.85,0,Clients VIP / fidèles
17321,8,6,1665.21,0,Clients VIP / fidèles
17322,376,5,922.59,0,Clients VIP / fidèles
17323,15,12,1547.64,0,Clients VIP / fidèles
17324,18,12,2171.07,3,Clients VIP / fidèles
17325,280,3,609.5699999999999,2,Clients perdus / inactifs
17326,408,2,312.35,1,Clients perdus / inactifs
17327,410,2,152.35,1,Clients perdus / inactifs
17328,673,1,104.7,1,Clients perdus / inactifs
17329,14,5,998.53,0,Clients VIP / fidèles
17330,23,4,423.8,2,Clients perdus / inactifs
17331,124,1,175.2,2,Clients perdus / inactifs
17332,528,5,827.77,1,Clients perdus / inactifs
17333,86,1,494.25,2,Clients perdus / inactifs
17334,302,3,635.15,1,Clients perdus / inactifs
17335,384,2,497.04,1,Clients perdus / inactifs
17336,472,1,81.12,1,Clients perdus / inactifs
17337,151,4,1979.61,0,Clients VIP / fidèles
17338,17,17,11880.54,3,Clients VIP / fidèles
17339,94,3,302.36,2,Clients perdus / inactifs
17340,30,18,19617.95,3,Clients VIP / fidèles
17341,157,5,1272.21,0,Clients VIP / fidèles
17342,380,4,1227.54,1,Clients perdus / inactifs
17343,355,6,1259.94,0,Clients VIP / fidèles
17344,46,2,457.36,2,Clients perdus / inactifs
17345,15,10,1586.6299999999999,0,Clients VIP / fidèles
17346,4,26,4991.41,3,Clients VIP / fidèles
17347,86,1,228.96,2,Clients perdus / inactifs
17348,15,9,2430.99,0,Clients VIP / fidèles
17349,179,5,772.41,0,Clients VIP / fidèles
17350,8,7,1893.7,0,Clients VIP / fidèles
17351,36,12,1964.38,0,Clients VIP / fidèles
17352,696,1,36.25,1,Clients perdus / inactifs
17353,129,4,3242.0,0,Clients VIP / fidèles
17354,51,4,3133.96,0,Clients VIP / fidèles
17355,386,1,273.31,1,Clients perdus / inactifs
17356,312,5,946.47,0,Clients VIP / fidèles
17357,24,2,384.39,2,Clients perdus / inactifs
17358,303,5,861.01,0,Clients VIP / fidèles
17359,11,2,284.46,2,Clients perdus / inactifs
17360,17,6,1200.51,0,Clients VIP / fidèles
17361,49,5,871.79,0,Clients VIP / fidèles
17362,239,7,1024.04,0,Clients VIP / fidèles
17363,395,3,920.46,1,Clients perdus / inactifs
17364,1,28,11972.92,3,Clients VIP / fidèles
17365,13,15,8179.45,3,Clients VIP / fidèles
17366,432,2,1077.24,1,Clients perdus / inactifs
17367,238,1,167.55,2,Clients perdus / inactifs
17368,23,14,2758.29,3,Clients VIP / fidèles
17369,456,1,979.1999999999999,1,Clients perdus / inactifs
17370,73,4,446.18,2,Clients perdus / inactifs
17371,17,6,651.37,0,Clients VIP / fidèles
17372,41,27,4316.46,3,Clients VIP / fidèles
17373,40,7,1167.5,0,Clients VIP / fidèles
17374,219,3,727.11,2,Clients perdus / inactifs
17375,199,4,660.55,0,Clients VIP / fidèles
17376,71,4,453.64,2,Clients perdus / inactifs
17377,24,78,17639.23,3,Clients VIP / fidèles
17378,374,1,10.95,1,Clients perdus / inactifs
17379,11,1,389.71999999999997,2,Clients perdus / inactifs
17380,434,3,645.0,1,Clients perdus / inactifs
17381,9,38,36398.65,3,Clients VIP / fidèles
17382,65,8,902.28,0,Clients VIP / fidèles
17383,4,2,304.09,2,Clients perdus / inactifs
17384,19,3,507.55,2,Clients perdus / inactifs
17385,15,1,256.11,2,Clients perdus / inactifs
17386,8,7,2812.77,0,Clients VIP / fidèles
17387,20,2,746.81,2,Clients perdus / inactifs
17388,78,11,2675.37,3,Clients VIP / fidèles
17389,1,61,57215.33,3,Clients VIP / fidèles
17390,421,1,149.3,1,Clients perdus / inactifs
17391,164,2,508.8,2,Clients perdus / inactifs
17392,307,3,579.92,1,Clients perdus / inactifs
17393,411,2,381.15,1,Clients perdus / inactifs
17394,219,1,203.86999999999998,2,Clients perdus / inactifs
17395,508,1,97.5,1,Clients perdus / inactifs
17396,39,13,8391.6,3,Clients VIP / fidèles
17397,22,3,1198.28,0,Clients VIP / fidèles
17398,115,3,653.38,2,Clients perdus / inactifs
17400,126,8,4623.28,0,Clients VIP / fidèles
17401,541,1,114.85,1,Clients perdus / inactifs
17402,5,22,4600.5599999999995,3,Clients VIP / fidèles
17403,36,2,382.87,2,Clients perdus / inactifs
17404,4,21,47638.12,3,Clients VIP / fidèles
17405,1,3,1031.41,0,Clients VIP / fidèles
17406,333,13,4186.95,3,Clients VIP / fidèles
17407,412,1,552.9,1,Clients perdus / inactifs
17408,163,3,316.09000000000003,2,Clients perdus / inactifs
17409,185,10,7793.51,3,Clients VIP / fidèles
17410,16,5,1214.72,0,Clients VIP / fidèles
17411,12,5,1425.38,0,Clients VIP / fidèles
17412,3,16,4220.22,3,Clients VIP / fidèles
17413,405,2,560.14,1,Clients perdus / inactifs
17414,44,6,2249.52,0,Clients VIP / fidèles
17415,80,1,507.84,2,Clients perdus / inactifs
17416,30,22,17298.45,3,Clients VIP / fidèles
17417,549,1,164.18,1,Clients perdus / inactifs
17418,42,3,670.0600000000001,2,Clients perdus / inactifs
17419,11,18,6126.25,3,Clients VIP / fidèles
17420,50,6,953.58,0,Clients VIP / fidèles
17421,386,3,1059.41,1,Clients perdus / inactifs
17422,16,11,3594.76,3,Clients VIP / fidèles
17423,46,3,1118.95,0,Clients VIP / fidèles
17425,19,2,759.17,2,Clients perdus / inactifs
17426,8,13,8077.77,3,Clients VIP / fidèles
17427,72,1,100.8,2,Clients perdus / inactifs
17428,1,45,31466.760000000002,3,Clients VIP / fidèles
17429,128,5,1357.46,0,Clients VIP / fidèles
17430,33,4,622.57,0,Clients VIP / fidèles
17431,313,1,403.3,1,Clients perdus / inactifs
17432,18,9,1728.99,0,Clients VIP / fidèles
17433,88,2,569.96,2,Clients perdus / inactifs
17434,2,7,2373.82,0,Clients VIP / fidèles
17435,411,1,331.35,1,Clients perdus / inactifs
17436,2,5,534.06,0,Clients VIP / fidèles
17437,530,1,369.68,1,Clients perdus / inactifs
17438,254,5,1422.77,0,Clients VIP / fidèles
17439,656,1,325.74,1,Clients perdus / inactifs
17440,157,4,323.58,2,Clients perdus / inactifs
17441,732,1,293.35,1,Clients perdus / inactifs
17442,37,15,4620.3,3,Clients VIP / fidèles
17443,220,1,534.24,2,Clients perdus / inactifs
17444,152,2,2389.1,0,Clients VIP / fidèles
17446,177,2,120.9,2,Clients perdus / inactifs
17447,40,2,541.53,2,Clients perdus / inactifs
17448,529,41,14448.67,3,Clients VIP / fidèles
17449,2,13,4865.15,3,Clients VIP / fidèles
17450,8,51,244784.25,3,Clients VIP / fidèles
17451,1,7,1721.4,0,Clients VIP / fidèles
17453,18,2,486.71999999999997,2,Clients perdus / inactifs
17454,192,10,1547.94,0,Clients VIP / fidèles
17455,204,1,131.7,2,Clients perdus / inactifs
17456,365,2,975.5600000000001,1,Clients perdus / inactifs
17457,127,14,5984.8099999999995,3,Clients VIP / fidèles
17458,15,2,529.58,2,Clients perdus / inactifs
17459,43,2,657.3,2,Clients perdus / inactifs
17460,94,16,2157.9700000000003,3,Clients VIP / fidèles
17461,23,3,735.82,0,Clients VIP / fidèles
17462,60,2,675.69,2,Clients perdus / inactifs
17463,16,7,2535.26,0,Clients VIP / fidèles
17464,158,3,907.14,0,Clients VIP / fidèles
17465,426,7,2542.79,0,Clients VIP / fidèles
17466,10,2,763.28,2,Clients perdus / inactifs
17467,395,1,102.6,1,Clients perdus / inactifs
17468,10,3,194.8,2,Clients perdus / inactifs
17469,16,17,5051.25,3,Clients VIP / fidèles
17470,45,11,2626.47,3,Clients VIP / fidèles
17471,475,1,321.65000000000003,1,Clients perdus / inactifs
17472,191,4,922.35,0,Clients VIP / fidèles
17473,409,2,607.0,1,Clients perdus / inactifs
17474,600,1,1047.0,1,Clients perdus / inactifs
17475,79,1,194.37,2,Clients perdus / inactifs
17476,396,2,489.86,1,Clients perdus / inactifs
17477,613,2,1144.3,1,Clients perdus / inactifs
17478,408,2,1272.8,1,Clients perdus / inactifs
17479,633,1,389.26000000000005,1,Clients perdus / inactifs
17480,78,2,882.23,2,Clients perdus / inactifs
17481,4,4,1255.59,0,Clients VIP / fidèles
17482,487,2,775.64,1,Clients perdus / inactifs
17483,65,4,591.73,0,Clients VIP / fidèles
17484,576,2,209.57,1,Clients perdus / inactifs
17486,261,1,396.87,2,Clients perdus / inactifs
17487,728,1,160.55,1,Clients perdus / inactifs
17488,641,1,336.5,1,Clients perdus / inactifs
17489,59,2,376.64,2,Clients perdus / inactifs
17490,1,9,2750.5,0,Clients VIP / fidèles
17491,1,17,5653.67,3,Clients VIP / fidèles
17492,248,3,1122.42,0,Clients VIP / fidèles
17493,385,1,100.91000000000001,1,Clients perdus / inactifs
17494,502,1,54.699999999999996,1,Clients perdus / inactifs
17495,8,3,806.72,0,Clients VIP / fidèles
17496,359,4,1412.89,0,Clients VIP / fidèles
17497,390,2,287.25,1,Clients perdus / inactifs
17498,76,1,272.22,2,Clients perdus / inactifs
17499,290,2,1341.39,0,Clients VIP / fidèles
17500,17,3,1138.0,0,Clients VIP / fidèles
17501,221,2,288.6,2,Clients perdus / inactifs
17502,9,4,689.1,0,Clients VIP / fidèles
17503,3,2,558.96,2,Clients perdus / inactifs
17504,206,18,9490.17,3,Clients VIP / fidèles
17505,162,5,2435.48,0,Clients VIP / fidèles
17506,76,1,302.2,2,Clients perdus / inactifs
17507,262,2,605.58,2,Clients perdus / inactifs
17508,281,8,4579.23,0,Clients VIP / fidèles
17509,58,8,6083.64,3,Clients VIP / fidèles
17510,25,2,514.56,2,Clients perdus / inactifs
17511,3,60,172132.87,3,Clients VIP / fidèles
17512,29,18,5467.820000000001,3,Clients VIP / fidèles
17513,72,3,1158.8,0,Clients VIP / fidèles
17514,128,2,522.0,2,Clients perdus / inactifs
17515,31,9,1602.51,0,Clients VIP / fidèles
17516,15,6,947.5,0,Clients VIP / fidèles
17517,309,1,153.94,1,Clients perdus / inactifs
17518,426,2,329.42,1,Clients perdus / inactifs
17519,17,15,4774.17,3,Clients VIP / fidèles
17520,54,1,546.81,2,Clients perdus / inactifs
17521,30,5,1278.06,0,Clients VIP / fidèles
17522,2,5,1066.15,0,Clients VIP / fidèles
17523,11,4,652.74,0,Clients VIP / fidèles
17524,361,3,539.14,1,Clients perdus / inactifs
17525,360,3,1161.9,1,Clients perdus / inactifs
17526,5,12,3939.24,3,Clients VIP / fidèles
17527,54,4,939.37,0,Clients VIP / fidèles
17528,1,8,3628.5,0,Clients VIP / fidèles
17529,610,2,1240.25,1,Clients perdus / inactifs
17530,1,12,2787.1,3,Clients VIP / fidèles
17531,190,3,1266.82,0,Clients VIP / fidèles
17532,386,1,65.34,1,Clients perdus / inactifs
17533,435,1,34.8,1,Clients perdus / inactifs
17534,54,5,1668.83,0,Clients VIP / fidèles
17535,280,1,164.4,2,Clients perdus / inactifs
17536,177,3,364.83,2,Clients perdus / inactifs
17537,30,2,887.67,2,Clients perdus / inactifs
17538,26,1,98.42,2,Clients perdus / inactifs
17539,628,3,1161.84,1,Clients perdus / inactifs
17540,25,6,1590.6000000000001,0,Clients VIP / fidèles
17541,510,1,119.86,1,Clients perdus / inactifs
17542,270,3,340.85,2,Clients perdus / inactifs
17543,550,1,120.05,1,Clients perdus / inactifs
17544,390,3,944.82,1,Clients perdus / inactifs
17545,43,6,1409.8600000000001,0,Clients VIP / fidèles
17547,376,2,727.85,1,Clients perdus / inactifs
17548,234,4,731.26,0,Clients VIP / fidèles
17549,24,2,148.86,2,Clients perdus / inactifs
17550,197,9,2506.64,0,Clients VIP / fidèles
17551,359,1,290.34,1,Clients perdus / inactifs
17552,60,12,2786.77,3,Clients VIP / fidèles
17553,130,4,3757.6,0,Clients VIP / fidèles
17554,1,5,1952.45,0,Clients VIP / fidèles
17555,20,5,1045.74,0,Clients VIP / fidèles
17556,206,2,300.67,2,Clients perdus / inactifs
17557,14,4,575.46,0,Clients VIP / fidèles
17558,393,1,259.17,1,Clients perdus / inactifs
17559,513,1,167.62,1,Clients perdus / inactifs
17560,95,8,1895.8,0,Clients VIP / fidèles
17561,19,4,703.02,0,Clients VIP / fidèles
17562,14,7,1122.38,0,Clients VIP / fidèles
17563,578,2,392.38,1,Clients perdus / inactifs
17564,24,3,454.01,2,Clients perdus / inactifs
17565,587,1,131.83,1,Clients perdus / inactifs
17566,8,2,869.77,2,Clients perdus / inactifs
17567,7,9,4838.08,3,Clients VIP / fidèles
17568,633,1,374.45,1,Clients perdus / inactifs
17569,332,1,344.14,1,Clients perdus / inactifs
17571,50,5,1629.66,0,Clients VIP / fidèles
17572,71,10,652.21,0,Clients VIP / fidèles
17573,29,3,380.6,2,Clients perdus / inactifs
17574,243,1,185.65,2,Clients perdus / inactifs
17575,667,1,171.7,1,Clients perdus / inactifs
17576,8,41,8705.6,3,Clients VIP / fidèles
17577,645,2,348.75,1,Clients perdus / inactifs
17578,218,7,1047.33,0,Clients VIP / fidèles
17579,5,4,753.28,0,Clients VIP / fidèles
17580,253,5,538.07,0,Clients VIP / fidèles
17581,1,43,17951.17,3,Clients VIP / fidèles
17582,236,5,1446.95,0,Clients VIP / fidèles
17583,560,1,135.95,1,Clients perdus / inactifs
17584,7,6,5309.42,0,Clients VIP / fidèles
17585,109,7,2064.71,0,Clients VIP / fidèles
17586,619,1,167.4,1,Clients perdus / inactifs
17587,628,1,173.76,1,Clients perdus / inactifs
17588,100,7,2939.55,0,Clients VIP / fidèles
17589,60,18,13806.27,3,Clients VIP / fidèles
17590,2,3,1466.77,0,Clients VIP / fidèles
17591,73,8,2339.32,0,Clients VIP / fidèles
17592,739,1,148.3,1,Clients perdus / inactifs
17593,4,11,8092.32,3,Clients VIP / fidèles
17594,85,4,2497.88,0,Clients VIP / fidèles
17595,12,2,386.69,2,Clients perdus / inactifs
17596,23,13,4491.46,3,Clients VIP / fidèles
17597,214,5,3484.09,0,Clients VIP / fidèles
17598,381,1,409.98,1,Clients perdus / inactifs
17599,478,1,52.05,1,Clients perdus / inactifs
17600,18,1,161.67000000000002,2,Clients perdus / inactifs
17601,239,2,412.65999999999997,2,Clients perdus / inactifs
17602,2,14,7354.43,3,Clients VIP / fidèles
17603,78,4,1788.38,0,Clients VIP / fidèles
17604,217,6,942.38,0,Clients VIP / fidèles
17605,590,1,160.75,1,Clients perdus / inactifs
17606,737,1,87.30000000000001,1,Clients perdus / inactifs
17607,376,1,333.81,1,Clients perdus / inactifs
17608,33,4,488.06,2,Clients perdus / inactifs
17609,41,11,1875.36,0,Clients VIP / fidèles
17610,540,5,1511.94,1,Clients perdus / inactifs
17611,7,28,8287.53,3,Clients VIP / fidèles
17612,53,18,5394.86,3,Clients VIP / fidèles
17613,23,14,4544.55,3,Clients VIP / fidèles
17614,57,1,386.32,2,Clients perdus / inactifs
17615,130,6,721.8,0,Clients VIP / fidèles
17616,174,4,734.4,0,Clients VIP / fidèles
17617,559,1,385.19,1,Clients perdus / inactifs
17618,6,11,4001.64,3,Clients VIP / fidèles
17619,312,1,214.37,1,Clients perdus / inactifs
17620,60,1,81.44,2,Clients perdus / inactifs
17621,21,6,3175.12,0,Clients VIP / fidèles
17622,598,2,1130.21,1,Clients perdus / inactifs
17623,33,7,2365.77,0,Clients VIP / fidèles
17624,15,4,1568.63,0,Clients VIP / fidèles
17625,18,8,5978.9,3,Clients VIP / fidèles
17626,603,1,254.0,1,Clients perdus / inactifs
17627,479,1,296.36,1,Clients perdus / inactifs
17628,81,1,75.75,2,Clients perdus / inactifs
17629,6,10,2455.52,0,Clients VIP / fidèles
17630,170,2,503.59999999999997,2,Clients perdus / inactifs
17631,2,7,998.49,0,Clients VIP / fidèles
17633,31,7,2057.39,0,Clients VIP / fidèles
17634,36,9,2358.59,0,Clients VIP / fidèles
17635,424,3,1265.58,1,Clients perdus / inactifs
17636,19,1,285.56,2,Clients perdus / inactifs
17637,31,2,547.0600000000001,2,Clients perdus / inactifs
17638,647,2,842.4,1,Clients perdus / inactifs
17639,276,6,615.17,0,Clients VIP / fidèles
17640,87,6,3168.94,0,Clients VIP / fidèles
17642,120,5,1824.49,0,Clients VIP / fidèles
17643,373,2,439.7,1,Clients perdus / inactifs
17644,1,20,6028.6,3,Clients VIP / fidèles
17646,219,12,3898.79,3,Clients VIP / fidèles
17647,65,3,331.65999999999997,2,Clients perdus / inactifs
17648,61,5,2216.37,0,Clients VIP / fidèles
17649,138,3,1578.89,0,Clients VIP / fidèles
17650,21,1,166.08,2,Clients perdus / inactifs
17651,12,16,5703.52,3,Clients VIP / fidèles
17652,25,12,4867.72,3,Clients VIP / fidèles
17653,37,4,1207.56,0,Clients VIP / fidèles
17654,277,1,117.55,2,Clients perdus / inactifs
17655,11,9,2976.38,0,Clients VIP / fidèles
17656,73,5,1674.69,0,Clients VIP / fidèles
17657,430,1,126.0,1,Clients perdus / inactifs
17658,26,2,595.42,2,Clients perdus / inactifs
17659,17,14,3586.9900000000002,3,Clients VIP / fidèles
17660,141,2,342.22,2,Clients perdus / inactifs
17662,662,2,412.92,1,Clients perdus / inactifs
17663,26,17,5175.83,3,Clients VIP / fidèles
17664,19,4,1166.23,0,Clients VIP / fidèles
17665,493,1,563.1,1,Clients perdus / inactifs
17666,4,5,2047.8,0,Clients VIP / fidèles
17667,66,9,3950.7,3,Clients VIP / fidèles
17668,1,2,347.75,2,Clients perdus / inactifs
17669,43,10,6142.35,3,Clients VIP / fidèles
17670,228,1,205.7,2,Clients perdus / inactifs
17671,16,5,2009.16,0,Clients VIP / fidèles
17672,50,6,5663.74,0,Clients VIP / fidèles
17673,2,13,4173.88,3,Clients VIP / fidèles
17674,74,2,551.04,2,Clients perdus / inactifs
17675,1,70,37642.48,3,Clients VIP / fidèles
17676,4,10,2448.64,0,Clients VIP / fidèles
17677,2,54,35058.46,3,Clients VIP / fidèles
17678,264,2,599.76,2,Clients perdus / inactifs
17679,53,7,3577.61,0,Clients VIP / fidèles
17680,24,3,497.45,2,Clients perdus / inactifs
17681,597,5,731.2,1,Clients perdus / inactifs
17682,10,11,4065.28,3,Clients VIP / fidèles
17683,386,3,819.01,1,Clients perdus / inactifs
17684,44,1,239.41,2,Clients perdus / inactifs
17685,17,12,5454.95,3,Clients VIP / fidèles
17686,7,9,8296.81,3,Clients VIP / fidèles
17687,421,1,432.68,1,Clients perdus / inactifs
17688,394,1,304.2,1,Clients perdus / inactifs
17689,388,2,317.08,1,Clients perdus / inactifs
17690,30,20,6963.8,3,Clients VIP / fidèles
17691,358,4,637.5500000000001,1,Clients perdus / inactifs
17692,127,12,2960.44,3,Clients VIP / fidèles
17693,137,1,200.47,2,Clients perdus / inactifs
17694,142,3,1695.97,0,Clients VIP / fidèles
17695,132,5,1746.04,0,Clients VIP / fidèles
17696,38,27,7679.59,3,Clients VIP / fidèles
17697,236,1,338.95,2,Clients perdus / inactifs
17698,261,1,154.95,2,Clients perdus / inactifs
17699,477,2,442.0,1,Clients perdus / inactifs
17700,17,14,6679.97,3,Clients VIP / fidèles
17701,253,1,417.95,2,Clients perdus / inactifs
17702,30,6,3144.04,0,Clients VIP / fidèles
17703,35,4,1094.84,0,Clients VIP / fidèles
17704,169,2,885.19,2,Clients perdus / inactifs
17705,3,11,2083.9,0,Clients VIP / fidèles
17706,4,31,20272.15,3,Clients VIP / fidèles
17707,185,8,609.3000000000001,0,Clients VIP / fidèles
17708,188,4,884.1800000000001,0,Clients VIP / fidèles
17709,170,5,671.01,0,Clients VIP / fidèles
17710,424,1,293.5,1,Clients perdus / inactifs
17711,11,2,385.1,2,Clients perdus / inactifs
17712,45,1,522.91,2,Clients perdus / inactifs
17713,382,4,1198.09,1,Clients perdus / inactifs
17714,321,5,1410.18,0,Clients VIP / fidèles
17715,201,2,489.59999999999997,2,Clients perdus / inactifs
17716,23,24,15956.97,3,Clients VIP / fidèles
17717,421,1,376.92,1,Clients perdus / inactifs
17718,232,2,439.18,2,Clients perdus / inactifs
17719,38,15,5396.04,3,Clients VIP / fidèles
17720,26,10,2666.91,0,Clients VIP / fidèles
17721,659,1,307.21000000000004,1,Clients perdus / inactifs
17722,96,5,3520.2200000000003,0,Clients VIP / fidèles
17723,127,7,3378.4000000000005,0,Clients VIP / fidèles
17724,71,3,1033.0,0,Clients VIP / fidèles
17725,16,11,3439.08,3,Clients VIP / fidèles
17726,395,7,1092.06,0,Clients VIP / fidèles
17727,15,1,1060.25,2,Clients perdus / inactifs
17728,4,5,4238.76,0,Clients VIP / fidèles
17729,596,1,438.65000000000003,1,Clients perdus / inactifs
17730,3,20,7773.8,3,Clients VIP / fidèles
17731,79,6,1708.99,0,Clients VIP / fidèles
17732,373,8,2166.42,0,Clients VIP / fidèles
17733,39,2,692.19,2,Clients perdus / inactifs
17734,54,6,1442.32,0,Clients VIP / fidèles
17735,2,26,16790.33,3,Clients VIP / fidèles
17736,9,3,377.44,2,Clients perdus / inactifs
17737,9,2,168.24,2,Clients perdus / inactifs
17738,19,13,4183.56,3,Clients VIP / fidèles
17739,12,18,7730.59,3,Clients VIP / fidèles
17740,389,6,426.9,1,Clients perdus / inactifs
17741,407,2,101.1,1,Clients perdus / inactifs
17742,113,11,2098.48,0,Clients VIP / fidèles
17743,448,1,229.2,1,Clients perdus / inactifs
17744,4,7,2649.14,0,Clients VIP / fidèles
17745,478,2,600.34,1,Clients perdus / inactifs
17746,240,4,904.1800000000001,0,Clients VIP / fidèles
17747,113,1,71.4,2,Clients perdus / inactifs
17748,527,1,358.15,1,Clients perdus / inactifs
17749,178,3,1026.18,0,Clients VIP / fidèles
17750,5,9,1694.16,0,Clients VIP / fidèles
17751,421,1,157.85999999999999,1,Clients perdus / inactifs
17752,359,1,80.64,1,Clients perdus / inactifs
17753,464,4,382.06,1,Clients perdus / inactifs
17754,1,13,4451.22,3,Clients VIP / fidèles
17756,376,3,728.75,1,Clients perdus / inactifs
17757,1,56,9070.1,3,Clients VIP / fidèles
17758,19,12,4964.03,3,Clients VIP / fidèles
17759,17,5,1260.63,0,Clients VIP / fidèles
17760,22,6,746.39,0,Clients VIP / fidèles
17761,33,1,712.78,2,Clients perdus / inactifs
17762,456,1,129.75,1,Clients perdus / inactifs
17763,263,4,86.15,2,Clients perdus / inactifs
17764,51,5,1513.57,0,Clients VIP / fidèles
17765,159,4,524.0,0,Clients VIP / fidèles
17766,381,2,299.61,1,Clients perdus / inactifs
17767,15,2,413.05,2,Clients perdus / inactifs
17768,8,7,3292.73,0,Clients VIP / fidèles
17769,13,17,7053.38,3,Clients VIP / fidèles
17770,199,5,1143.27,0,Clients VIP / fidèles
17771,57,4,386.93,2,Clients perdus / inactifs
17772,11,3,360.75,2,Clients perdus / inactifs
17773,514,2,575.37,1,Clients perdus / inactifs
17774,97,9,3272.83,0,Clients VIP / fidèles
17775,255,1,56.4,2,Clients perdus / inactifs
17776,387,2,329.3,1,Clients perdus / inactifs
17777,25,3,647.56,2,Clients perdus / inactifs
17778,662,1,197.70000000000002,1,Clients perdus / inactifs
17779,21,3,650.32,2,Clients perdus / inactifs
17780,667,3,346.56,1,Clients perdus / inactifs
17781,159,2,188.02,2,Clients perdus / inactifs
17782,383,2,679.02,1,Clients perdus / inactifs
17783,72,3,376.96,2,Clients perdus / inactifs
17784,550,1,112.86,1,Clients perdus / inactifs
17785,53,3,403.38,2,Clients perdus / inactifs
17786,85,2,266.85,2,Clients perdus / inactifs
17787,153,4,1817.54,0,Clients VIP / fidèles
17788,74,2,1112.95,2,Clients perdus / inactifs
17789,281,2,397.15,2,Clients perdus / inactifs
17790,27,20,2779.41,3,Clients VIP / fidèles
17791,30,1,106.1,2,Clients perdus / inactifs
17792,467,2,368.35,1,Clients perdus / inactifs
17793,25,1,300.34,2,Clients perdus / inactifs
17794,687,2,147.3,1,Clients perdus / inactifs
17795,180,2,342.83,2,Clients perdus / inactifs
17796,40,7,1236.39,0,Clients VIP / fidèles
17797,22,8,1971.87,0,Clients VIP / fidèles
17798,582,1,172.17,1,Clients perdus / inactifs
17799,22,20,6246.93,3,Clients VIP / fidèles
17800,37,9,1186.21,0,Clients VIP / fidèles
17801,451,3,770.03,1,Clients perdus / inactifs
17802,82,10,4946.22,3,Clients VIP / fidèles
17803,392,1,184.66,1,Clients perdus / inactifs
17804,376,3,383.78000000000003,1,Clients perdus / inactifs
17805,74,2,927.03,2,Clients perdus / inactifs
17806,11,1,546.04,2,Clients perdus / inactifs
17807,395,3,437.87,1,Clients perdus / inactifs
17808,549,4,262.64,1,Clients perdus / inactifs
17809,16,20,10085.89,3,Clients VIP / fidèles
17810,669,2,343.21,1,Clients perdus / inactifs
17811,4,47,9513.1,3,Clients VIP / fidèles
17812,13,7,911.99,0,Clients VIP / fidèles
17813,14,5,1698.07,0,Clients VIP / fidèles
17814,375,2,1609.37,1,Clients perdus / inactifs
17815,393,1,591.96,1,Clients perdus / inactifs
17816,37,6,96.11,2,Clients perdus / inactifs
17817,4,6,788.15,0,Clients VIP / fidèles
17818,738,1,124.78,1,Clients perdus / inactifs
17819,72,12,6021.05,3,Clients VIP / fidèles
17820,374,1,180.60999999999999,1,Clients perdus / inactifs
17821,406,1,334.62,1,Clients perdus / inactifs
17822,420,5,2154.08,0,Clients VIP / fidèles
17823,421,2,449.25,1,Clients perdus / inactifs
17824,51,1,298.4,2,Clients perdus / inactifs
17825,599,4,701.96,1,Clients perdus / inactifs
17826,374,1,133.34,1,Clients perdus / inactifs
17827,5,6,2376.17,0,Clients VIP / fidèles
17828,23,4,1165.09,0,Clients VIP / fidèles
17829,299,5,4756.74,0,Clients VIP / fidèles
17830,2,3,398.7,2,Clients perdus / inactifs
17831,33,1,35.400000000000006,2,Clients perdus / inactifs
17832,50,1,155.37,2,Clients perdus / inactifs
17833,723,1,338.46000000000004,1,Clients perdus / inactifs
17834,415,2,689.6700000000001,1,Clients perdus / inactifs
17835,3,3,342.24,2,Clients perdus / inactifs
17836,47,1,109.83,2,Clients perdus / inactifs
17837,42,8,1535.33,0,Clients VIP / fidèles
17838,27,13,5604.64,3,Clients VIP / fidèles
17839,42,1,318.15,2,Clients perdus / inactifs
17840,444,1,175.9,1,Clients perdus / inactifs
17841,2,211,68519.95,3,Clients VIP / fidèles
17842,602,1,430.69,1,Clients perdus / inactifs
17843,303,2,312.65,1,Clients perdus / inactifs
17844,107,1,51.559999999999995,2,Clients perdus / inactifs
17845,555,4,596.09,1,Clients perdus / inactifs
17847,516,2,125.74000000000001,1,Clients perdus / inactifs
17848,81,30,3538.46,3,Clients VIP / fidèles
17849,218,8,1063.76,0,Clients VIP / fidèles
17850,372,155,51208.87,3,Clients VIP / fidèles
17851,422,6,1552.35,0,Clients VIP / fidèles
17852,12,5,657.8100000000001,0,Clients VIP / fidèles
17853,407,3,1596.29,1,Clients perdus / inactifs
17854,185,6,1068.5,0,Clients VIP / fidèles
17855,373,1,208.97,1,Clients perdus / inactifs
17856,2,4,1418.03,0,Clients VIP / fidèles
17857,4,23,25769.54,3,Clients VIP / fidèles
17858,6,30,12518.65,3,Clients VIP / fidèles
17859,305,1,141.92000000000002,1,Clients perdus / inactifs
17860,369,4,717.39,1,Clients perdus / inactifs
17861,3,18,5088.29,3,Clients VIP / fidèles
17862,324,4,1254.89,0,Clients VIP / fidèles
17863,59,12,5360.48,3,Clients VIP / fidèles
17864,13,5,876.57,0,Clients VIP / fidèles
17865,31,46,26310.09,3,Clients VIP / fidèles
17866,143,3,1134.95,0,Clients VIP / fidèles
17867,30,14,1560.72,3,Clients VIP / fidèles
17868,386,1,227.15,1,Clients perdus / inactifs
17869,107,7,813.64,0,Clients VIP / fidèles
17870,2,13,2753.29,3,Clients VIP / fidèles
17871,205,5,1068.95,0,Clients VIP / fidèles
17872,382,1,235.87,1,Clients perdus / inactifs
17873,80,18,6135.95,3,Clients VIP / fidèles
17874,185,6,683.46,0,Clients VIP / fidèles
17875,688,1,167.1,1,Clients perdus / inactifs
17876,400,3,3424.02,0,Clients VIP / fidèles
17877,170,1,237.61,2,Clients perdus / inactifs
17878,44,3,1378.93,0,Clients VIP / fidèles
17879,174,1,178.51999999999998,2,Clients perdus / inactifs
17880,365,3,824.9200000000001,1,Clients perdus / inactifs
17881,304,1,133.35000000000002,1,Clients perdus / inactifs
17882,379,2,291.56,1,Clients perdus / inactifs
17883,3,7,988.42,0,Clients VIP / fidèles
17884,4,20,2693.47,3,Clients VIP / fidèles
17885,12,1,156.34,2,Clients perdus / inactifs
17886,32,6,1572.55,0,Clients VIP / fidèles
17887,129,1,111.35,2,Clients perdus / inactifs
17888,21,25,1807.44,3,Clients VIP / fidèles
17889,212,7,746.42,0,Clients VIP / fidèles
17890,323,2,586.89,1,Clients perdus / inactifs
17891,162,1,203.85999999999999,2,Clients perdus / inactifs
17892,56,3,244.1,2,Clients perdus / inactifs
17893,225,1,107.21,2,Clients perdus / inactifs
17894,72,18,2304.16,3,Clients VIP / fidèles
17895,44,1,95.45,2,Clients perdus / inactifs
17896,23,1,256.32,2,Clients perdus / inactifs
17897,173,9,2053.04,0,Clients VIP / fidèles
17898,85,4,299.18,2,Clients perdus / inactifs
17899,159,1,154.55,2,Clients perdus / inactifs
17900,190,2,112.19999999999999,2,Clients perdus / inactifs
17901,29,3,260.08,2,Clients perdus / inactifs
17902,547,1,216.39999999999998,1,Clients perdus / inactifs
17903,394,1,381.09000000000003,1,Clients perdus / inactifs
17904,21,1,181.07,2,Clients perdus / inactifs
17905,71,13,2168.37,3,Clients VIP / fidèles
17906,247,1,72.9,2,Clients perdus / inactifs
17907,641,1,291.76,1,Clients perdus / inactifs
17908,374,5,1142.47,0,Clients VIP / fidèles
17909,737,1,110.05,1,Clients perdus / inactifs
17910,726,1,261.7,1,Clients perdus / inactifs
17911,9,1,366.23,2,Clients perdus / inactifs
17912,310,6,371.6,0,Clients VIP / fidèles
17913,59,14,3425.09,3,Clients VIP / fidèles
17914,4,1,329.36,2,Clients perdus / inactifs
17915,551,1,225.78,1,Clients perdus / inactifs
17916,629,2,43.87,1,Clients perdus / inactifs
17917,45,3,335.03,2,Clients perdus / inactifs
17918,501,3,388.44,1,Clients perdus / inactifs
17919,88,2,1840.32,0,Clients VIP / fidèles
17920,4,54,23569.88,3,Clients VIP / fidèles
17921,64,10,2394.36,0,Clients VIP / fidèles
17922,543,1,170.4,1,Clients perdus / inactifs
17923,282,3,497.0,2,Clients perdus / inactifs
17924,12,8,3257.7000000000003,0,Clients VIP / fidèles
17925,373,1,244.08,1,Clients perdus / inactifs
17926,133,5,1035.49,0,Clients VIP / fidèles
17927,722,1,294.0,1,Clients perdus / inactifs
17928,45,3,313.16,2,Clients perdus / inactifs
17929,11,12,3082.1,3,Clients VIP / fidèles
17930,36,13,4275.22,3,Clients VIP / fidèles
17931,134,14,3402.24,3,Clients VIP / fidèles
17932,29,3,1331.57,0,Clients VIP / fidèles
17933,632,1,105.99,1,Clients perdus / inactifs
17934,52,3,1049.15,0,Clients VIP / fidèles
17935,138,7,683.24,0,Clients VIP / fidèles
17936,5,1,380.13,2,Clients perdus / inactifs
17937,9,7,4301.22,0,Clients VIP / fidèles
17938,420,1,144.29,1,Clients perdus / inactifs
17939,160,1,99.14,2,Clients perdus / inactifs
17940,49,14,28389.58,3,Clients VIP / fidèles
17941,131,4,1433.28,0,Clients VIP / fidèles
17942,8,1,77.50000000000001,2,Clients perdus / inactifs
17944,423,1,74.99,1,Clients perdus / inactifs
17945,697,3,359.5,1,Clients perdus / inactifs
17946,233,2,149.57999999999998,2,Clients perdus / inactifs
17947,37,1,176.68,2,Clients perdus / inactifs
17948,147,1,358.56000000000006,2,Clients perdus / inactifs
17949,1,116,107833.48,3,Clients VIP / fidèles
17950,72,7,1166.29,0,Clients VIP / fidèles
17951,40,4,1340.5800000000002,0,Clients VIP / fidèles
17952,378,4,788.46,1,Clients perdus / inactifs
17953,540,1,148.67000000000002,1,Clients perdus / inactifs
17954,5,19,3801.83,3,Clients VIP / fidèles
17955,199,6,949.9,0,Clients VIP / fidèles
17956,249,1,12.75,2,Clients perdus / inactifs
17957,66,1,110.72,2,Clients perdus / inactifs
17958,117,2,973.88,2,Clients perdus / inactifs
17959,592,1,140.75,1,Clients perdus / inactifs
17960,171,3,135.08,2,Clients perdus / inactifs
17961,21,100,2866.74,3,Clients VIP / fidèles
17962,142,4,665.91,0,Clients VIP / fidèles
17963,471,4,643.16,1,Clients perdus / inactifs
17964,32,2,463.21,2,Clients perdus / inactifs
17965,38,29,7002.9,3,Clients VIP / fidèles
17966,38,10,1963.92,0,Clients VIP / fidèles
17967,372,2,223.42,1,Clients perdus / inactifs
17968,374,4,590.4399999999999,1,Clients perdus / inactifs
17969,166,20,2354.29,3,Clients VIP / fidèles
17970,211,1,562.79,2,Clients perdus / inactifs
17971,548,1,161.94,1,Clients perdus / inactifs
17972,242,1,135.19,2,Clients perdus / inactifs
17973,52,1,337.04,2,Clients perdus / inactifs
17974,25,6,1739.09,0,Clients VIP / fidèles
17975,15,24,6693.03,3,Clients VIP / fidèles
17976,372,1,321.79,1,Clients perdus / inactifs
17977,29,2,1511.45,0,Clients VIP / fidèles
17978,365,4,1159.99,0,Clients VIP / fidèles
17979,36,4,729.01,0,Clients VIP / fidèles
17980,166,4,1012.72,0,Clients VIP / fidèles
17981,411,1,239.12,1,Clients perdus / inactifs
17982,681,1,138.18,1,Clients perdus / inactifs
17983,395,1,171.71,1,Clients perdus / inactifs
17984,145,5,1148.69,0,Clients VIP / fidèles
17985,22,1,631.35,2,Clients perdus / inactifs
17986,56,1,20.8,2,Clients perdus / inactifs
17987,185,5,965.4399999999999,0,Clients VIP / fidèles
17988,12,13,485.69,0,Clients VIP / fidèles
17989,379,1,207.32999999999998,1,Clients perdus / inactifs
17990,237,6,1527.6100000000001,0,Clients VIP / fidèles
17991,225,3,298.65,2,Clients perdus / inactifs
17992,389,1,252.88,1,Clients perdus / inactifs
17993,617,1,225.99,1,Clients perdus / inactifs
17994,122,11,2264.0299999999997,0,Clients VIP / fidèles
17995,282,3,495.48,2,Clients perdus / inactifs
17996,380,3,469.73,1,Clients perdus / inactifs
17997,74,8,1962.46,0,Clients VIP / fidèles
17998,380,3,639.24,1,Clients perdus / inactifs
17999,37,3,528.46,2,Clients perdus / inactifs
18000,564,1,124.25,1,Clients perdus / inactifs
18001,12,6,924.14,0,Clients VIP / fidèles
18002,376,4,237.62,1,Clients perdus / inactifs
18003,376,1,353.51,1,Clients perdus / inactifs
18004,362,1,157.92,1,Clients perdus / inactifs
18005,4,2,226.47,2,Clients perdus / inactifs
18006,23,4,969.51,0,Clients VIP / fidèles
18007,393,1,215.22,1,Clients perdus / inactifs
18008,70,23,19759.079999999998,3,Clients VIP / fidèles
18009,235,8,2144.23,0,Clients VIP / fidèles
18010,257,1,174.8,2,Clients perdus / inactifs
18011,373,2,410.79,1,Clients perdus / inactifs
18012,723,1,115.3,1,Clients perdus / inactifs
18013,155,2,187.29,2,Clients perdus / inactifs
18014,28,1,154.27,2,Clients perdus / inactifs
18015,4,1,120.03,2,Clients perdus / inactifs
18016,32,7,1954.56,0,Clients VIP / fidèles
18017,81,4,688.0,0,Clients VIP / fidèles
18018,108,4,297.99,2,Clients perdus / inactifs
18019,52,1,38.45,2,Clients perdus / inactifs
18020,544,1,190.48000000000002,1,Clients perdus / inactifs
18021,510,2,216.41,1,Clients perdus / inactifs
18022,36,5,1506.62,0,Clients VIP / fidèles
18024,153,2,389.78,2,Clients perdus / inactifs
18025,380,6,1177.72,0,Clients VIP / fidèles
18026,501,2,2074.07,1,Clients perdus / inactifs
18027,99,1,115.31,2,Clients perdus / inactifs
18028,583,1,192.05,1,Clients perdus / inactifs
18029,642,1,433.77,1,Clients perdus / inactifs
18030,4,2,230.64999999999998,2,Clients perdus / inactifs
18031,379,1,451.3,1,Clients perdus / inactifs
18032,334,1,73.5,1,Clients perdus / inactifs
18033,65,1,93.82000000000001,2,Clients perdus / inactifs
18034,22,3,753.35,0,Clients VIP / fidèles
18035,36,5,1260.23,0,Clients VIP / fidèles
18036,32,11,1545.49,0,Clients VIP / fidèles
18037,154,15,167.42,0,Clients VIP / fidèles
18038,556,1,141.48,1,Clients perdus / inactifs
18039,374,4,548.22,1,Clients perdus / inactifs
18040,19,2,357.20000000000005,2,Clients perdus / inactifs
18041,12,38,8018.7699999999995,3,Clients VIP / fidèles
18042,54,2,281.15,2,Clients perdus / inactifs
18043,25,3,529.29,2,Clients perdus / inactifs
18044,4,18,3505.61,3,Clients VIP / fidèles
18045,45,1,178.34,2,Clients perdus / inactifs
18046,650,1,189.63,1,Clients perdus / inactifs
18047,381,2,326.09,1,Clients perdus / inactifs
18048,203,3,394.93,2,Clients perdus / inactifs
18049,437,2,500.5,1,Clients perdus / inactifs
18050,359,2,412.06,1,Clients perdus / inactifs
18051,634,7,2282.28,1,Clients perdus / inactifs
18052,565,1,10877.18,1,Clients perdus / inactifs
18053,71,3,571.07,2,Clients perdus / inactifs
18054,393,1,176.5,1,Clients perdus / inactifs
18055,7,14,10142.64,3,Clients VIP / fidèles
18056,288,2,554.6,2,Clients perdus / inactifs
18057,393,3,1168.14,1,Clients perdus / inactifs
18058,10,3,774.06,0,Clients VIP / fidèles
18059,23,3,306.46,2,Clients perdus / inactifs
18060,408,2,1185.46,1,Clients perdus / inactifs
18061,22,28,6083.81,3,Clients VIP / fidèles
18062,173,6,1632.67,0,Clients VIP / fidèles
18063,391,2,186.60000000000002,1,Clients perdus / inactifs
18064,133,11,4481.83,3,Clients VIP / fidèles
18065,6,28,5846.63,3,Clients VIP / fidèles
18066,75,3,1440.4,0,Clients VIP / fidèles
18067,40,1,396.33,2,Clients perdus / inactifs
18068,289,1,101.69999999999999,2,Clients perdus / inactifs
18069,26,11,4449.02,3,Clients VIP / fidèles
18070,669,1,314.1,1,Clients perdus / inactifs
18071,258,6,1169.68,0,Clients VIP / fidèles
18072,186,1,247.44,2,Clients perdus / inactifs
18073,114,12,3859.82,3,Clients VIP / fidèles
18074,374,2,1019.44,1,Clients perdus / inactifs
18075,23,20,5783.29,3,Clients VIP / fidèles
18076,380,1,151.49,1,Clients perdus / inactifs
18077,8,18,4078.79,3,Clients VIP / fidèles
18078,217,4,725.53,0,Clients VIP / fidèles
18079,45,5,4203.93,0,Clients VIP / fidèles
18080,19,2,1231.5,0,Clients VIP / fidèles
18081,36,3,343.45,2,Clients perdus / inactifs
18082,26,1,680.84,2,Clients perdus / inactifs
18083,398,1,463.53,1,Clients perdus / inactifs
18084,16,3,795.2299999999999,0,Clients VIP / fidèles
18085,330,4,1341.8500000000001,0,Clients VIP / fidèles
18086,274,1,101.34,2,Clients perdus / inactifs
18087,291,16,13908.72,3,Clients VIP / fidèles
18088,61,1,166.03,2,Clients perdus / inactifs
18089,447,1,428.45,1,Clients perdus / inactifs
18090,422,1,321.9,1,Clients perdus / inactifs
18091,593,1,360.85,1,Clients perdus / inactifs
18092,2,18,14693.72,3,Clients VIP / fidèles
18093,93,8,4452.71,0,Clients VIP / fidèles
18094,82,13,6391.52,3,Clients VIP / fidèles
18095,313,5,2303.09,0,Clients VIP / fidèles
18096,12,6,1638.16,0,Clients VIP / fidèles
18097,8,11,4627.92,3,Clients VIP / fidèles
18098,396,1,527.94,1,Clients perdus / inactifs
18099,127,1,168.31,2,Clients perdus / inactifs
18100,550,1,451.56,1,Clients perdus / inactifs
18101,11,5,622.01,0,Clients VIP / fidèles
18102,1,145,580987.04,3,Clients VIP / fidèles
18103,549,1,105.8,1,Clients perdus / inactifs
18104,37,1,754.64,2,Clients perdus / inactifs
18105,38,1,113.48000000000002,2,Clients perdus / inactifs
18106,330,6,1441.06,0,Clients VIP / fidèles
18107,442,1,165.88,1,Clients perdus / inactifs
18108,254,3,848.8100000000001,0,Clients VIP / fidèles
18109,2,38,9555.71,3,Clients VIP / fidèles
18110,20,2,392.28000000000003,2,Clients perdus / inactifs
18111,589,1,405.85,1,Clients perdus / inactifs
18112,12,4,773.36,0,Clients VIP / fidèles
18113,369,1,76.32000000000001,1,Clients perdus / inactifs
18114,290,1,220.1,2,Clients perdus / inactifs
18115,698,1,9.700000000000001,1,Clients perdus / inactifs
18116,68,13,2130.89,3,Clients VIP / fidèles
18117,26,1,314.4,2,Clients perdus / inactifs
18118,11,29,6218.62,3,Clients VIP / fidèles
18119,368,1,180.7,1,Clients perdus / inactifs
18120,214,1,111.15,2,Clients perdus / inactifs
18121,149,2,653.3,2,Clients perdus / inactifs
18122,8,6,1791.84,0,Clients VIP / fidèles
18123,24,3,666.64,2,Clients perdus / inactifs
18124,472,1,102.65,1,Clients perdus / inactifs
18125,30,4,1131.75,0,Clients VIP / fidèles
18126,61,1,198.58,2,Clients perdus / inactifs
18127,19,4,556.13,0,Clients VIP / fidèles
18128,537,1,399.29,1,Clients perdus / inactifs
18129,243,1,112.55000000000001,2,Clients perdus / inactifs
18130,15,3,1059.39,0,Clients VIP / fidèles
18131,632,1,222.95999999999998,1,Clients perdus / inactifs
18132,504,1,220.13,1,Clients perdus / inactifs
18133,212,1,931.4999999999999,2,Clients perdus / inactifs
18134,598,2,445.0,1,Clients perdus / inactifs
18135,29,10,1249.6200000000001,0,Clients VIP / fidèles
18136,63,5,1631.3600000000001,0,Clients VIP / fidèles
18137,551,2,145.99,1,Clients perdus / inactifs
18138,295,1,152.65,2,Clients perdus / inactifs
18139,18,6,8438.34,3,Clients VIP / fidèles
18140,474,1,536.41,1,Clients perdus / inactifs
18141,402,2,882.47,1,Clients perdus / inactifs
18142,157,2,1019.52,2,Clients perdus / inactifs
18143,117,2,1000.16,2,Clients perdus / inactifs
18144,8,19,4892.95,3,Clients VIP / fidèles
18145,13,11,5609.74,3,Clients VIP / fidèles
18146,141,2,160.35000000000002,2,Clients perdus / inactifs
18147,46,2,179.33999999999997,2,Clients perdus / inactifs
18148,647,1,112.85000000000001,1,Clients perdus / inactifs
18149,51,7,1553.96,0,Clients VIP / fidèles
18150,32,3,566.58,2,Clients perdus / inactifs
18151,135,6,1879.44,0,Clients VIP / fidèles
18152,646,1,426.69,1,Clients perdus / inactifs
18153,659,1,246.22,1,Clients perdus / inactifs
18154,3,5,932.6,0,Clients VIP / fidèles
18155,75,3,371.62,2,Clients perdus / inactifs
18156,13,2,675.64,2,Clients perdus / inactifs
18157,571,1,213.9,1,Clients perdus / inactifs
18158,9,2,453.4,2,Clients perdus / inactifs
18159,301,1,530.15,1,Clients perdus / inactifs
18160,57,3,1003.88,0,Clients VIP / fidèles
18161,15,6,1803.1000000000001,0,Clients VIP / fidèles
18162,732,1,371.51,1,Clients perdus / inactifs
18163,584,1,728.84,1,Clients perdus / inactifs
18164,37,1,399.65000000000003,2,Clients perdus / inactifs
18165,177,1,302.46000000000004,2,Clients perdus / inactifs
18166,624,1,175.5,1,Clients perdus / inactifs
18167,23,3,1384.8600000000001,0,Clients VIP / fidèles
18168,176,16,3435.5,3,Clients VIP / fidèles
18169,61,1,202.65,2,Clients perdus / inactifs
18170,33,9,2878.0,0,Clients VIP / fidèles
18171,59,9,2437.31,0,Clients VIP / fidèles
18172,15,52,17467.24,3,Clients VIP / fidèles
18173,87,5,2696.36,0,Clients VIP / fidèles
18174,7,2,162.5,2,Clients perdus / inactifs
18175,676,1,176.1,1,Clients perdus / inactifs
18176,358,1,476.35,1,Clients perdus / inactifs
18177,31,9,2216.32,0,Clients VIP / fidèles
18178,129,11,6103.74,3,Clients VIP / fidèles
18179,9,8,2547.55,0,Clients VIP / fidèles
18180,5,6,1843.75,0,Clients VIP / fidèles
18181,24,5,1188.34,0,Clients VIP / fidèles
18182,463,1,291.13,1,Clients perdus / inactifs
18183,227,2,632.07,2,Clients perdus / inactifs
18184,15,1,49.8,2,Clients perdus / inactifs
18185,249,1,304.25,2,Clients perdus / inactifs
18186,723,1,329.58,1,Clients perdus / inactifs
18187,632,1,724.89,1,Clients perdus / inactifs
18188,15,6,3280.59,0,Clients VIP / fidèles
18189,78,3,1403.73,0,Clients VIP / fidèles
18190,192,5,745.62,0,Clients VIP / fidèles
18191,262,2,529.4,2,Clients perdus / inactifs
18192,72,1,957.97,2,Clients perdus / inactifs
18193,165,3,1207.35,0,Clients VIP / fidèles
18194,82,6,4162.04,0,Clients VIP / fidèles
18195,387,1,101.16,1,Clients perdus / inactifs
18196,95,4,1455.27,0,Clients VIP / fidèles
18197,576,1,230.1,1,Clients perdus / inactifs
18198,4,17,5425.56,3,Clients VIP / fidèles
18199,684,1,344.75,1,Clients perdus / inactifs
18200,106,1,150.35,2,Clients perdus / inactifs
18201,723,1,447.53000000000003,1,Clients perdus / inactifs
18202,200,3,1396.99,0,Clients VIP / fidèles
18203,157,4,482.52,2,Clients perdus / inactifs
18204,71,3,1975.35,0,Clients VIP / fidèles
18205,36,2,517.36,2,Clients perdus / inactifs
18206,553,1,314.65999999999997,1,Clients perdus / inactifs
18207,499,1,544.47,1,Clients perdus / inactifs
18208,566,1,360.08,1,Clients perdus / inactifs
18209,29,1,139.10000000000002,2,Clients perdus / inactifs
18210,2,7,2768.83,0,Clients VIP / fidèles
18211,26,5,600.07,0,Clients VIP / fidèles
18212,326,2,514.37,1,Clients perdus / inactifs
18213,237,1,232.48000000000002,2,Clients perdus / inactifs
18214,531,4,1780.34,1,Clients perdus / inactifs
18215,89,5,2232.4900000000002,0,Clients VIP / fidèles
18216,31,1,481.75,2,Clients perdus / inactifs
18217,29,4,945.04,0,Clients VIP / fidèles
18218,211,4,1121.84,0,Clients VIP / fidèles
18219,3,17,3352.7000000000003,3,Clients VIP / fidèles
18220,227,6,1921.76,0,Clients VIP / fidèles
18221,22,6,1424.94,0,Clients VIP / fidèles
18222,93,1,443.0,2,Clients perdus / inactifs
18223,5,26,14000.85,3,Clients VIP / fidèles
18224,264,1,158.95000000000002,2,Clients perdus / inactifs
18225,3,26,13014.8,3,Clients VIP / fidèles
18226,44,26,11878.88,3,Clients VIP / fidèles
18227,218,2,388.75,2,Clients perdus / inactifs
18228,57,2,779.9,2,Clients perdus / inactifs
18229,12,28,10150.51,3,Clients VIP / fidèles
18230,9,9,4291.06,3,Clients VIP / fidèles
18231,192,28,6848.27,3,Clients VIP / fidèles
18232,82,4,592.97,0,Clients VIP / fidèles
18233,326,1,440.0,1,Clients perdus / inactifs
18234,552,1,179.6,1,Clients perdus / inactifs
18235,72,3,1796.48,0,Clients VIP / fidèles
18236,30,12,1795.3500000000001,0,Clients VIP / fidèles
18237,3,5,987.1,0,Clients VIP / fidèles
18238,515,1,270.92,1,Clients perdus / inactifs
18239,219,6,1712.26,0,Clients VIP / fidèles
18240,46,1,422.58,2,Clients perdus / inactifs
18241,10,21,2986.9900000000002,3,Clients VIP / fidèles
18242,72,8,3605.21,0,Clients VIP / fidèles
18243,414,1,515.78,1,Clients perdus / inactifs
18244,431,2,568.64,1,Clients perdus / inactifs
18245,7,20,6324.9800000000005,3,Clients VIP / fidèles
18246,24,3,758.8199999999999,0,Clients VIP / fidèles
18247,415,3,839.73,1,Clients perdus / inactifs
18248,123,2,804.02,2,Clients perdus / inactifs
18249,17,1,95.34,2,Clients perdus / inactifs
18250,310,1,349.27,1,Clients perdus / inactifs
18251,87,9,26278.86,3,Clients VIP / fidèles
18252,51,7,1533.69,0,Clients VIP / fidèles
18253,643,1,317.88,1,Clients perdus / inactifs
18254,581,1,267.9,1,Clients perdus / inactifs
18255,89,2,303.15,2,Clients perdus / inactifs
18256,388,1,110.7,1,Clients perdus / inactifs
18257,39,12,4585.15,3,Clients VIP / fidèles
18258,464,6,2059.67,0,Clients VIP / fidèles
18259,25,7,3941.9,0,Clients VIP / fidèles
18260,173,23,9947.26,3,Clients VIP / fidèles
18261,43,2,324.24,2,Clients perdus / inactifs
18262,140,3,577.54,2,Clients perdus / inactifs
18263,26,3,1213.1599999999999,0,Clients VIP / fidèles
18264,499,1,603.25,1,Clients perdus / inactifs
18265,72,2,801.51,2,Clients perdus / inactifs
18266,434,1,251.1,1,Clients perdus / inactifs
18267,673,1,269.37,1,Clients perdus / inactifs
18268,134,6,1490.23,0,Clients VIP / fidèles
18269,366,1,168.6,1,Clients perdus / inactifs
18270,38,3,444.55,2,Clients perdus / inactifs
18271,610,2,680.85,1,Clients perdus / inactifs
18272,3,9,4385.9800000000005,3,Clients VIP / fidèles
18273,2,4,357.0,2,Clients perdus / inactifs
18274,30,1,175.92,2,Clients perdus / inactifs
18275,578,2,741.85,1,Clients perdus / inactifs
18276,44,6,1656.52,0,Clients VIP / fidèles
18277,58,5,1180.05,0,Clients VIP / fidèles
18278,74,2,414.20000000000005,2,Clients perdus / inactifs
18279,519,1,231.33999999999997,1,Clients perdus / inactifs
18280,278,2,488.15000000000003,2,Clients perdus / inactifs
18281,181,2,201.14,2,Clients perdus / inactifs
18282,8,2,178.05,2,Clients perdus / inactifs
18283,4,22,2658.95,3,Clients VIP / fidèles
18284,432,1,461.68,1,Clients perdus / inactifs
18285,661,1,427.0,1,Clients perdus / inactifs
18286,477,2,1296.43,1,Clients perdus / inactifs
18287,43,7,4182.99,0,Clients VIP / fidèles
